User Id,Datetime,Amount
2,01-10-2022 18:03,55000
2,03-10-2022 02:39,117349
2,04-10-2022 22:42,19000
2,05-10-2022 09:30,36000
2,08-10-2022 21:15,13000
2,09-10-2022 05:23,11400
2,10-10-2022 19:38,42000
2,11-10-2022 20:23,120000
2,14-10-2022 08:00,46689
2,15-10-2022 14:45,110000
2,15-10-2022 17:38,2762
2,17-10-2022 07:12,27000
2,20-10-2022 10:16,35000
2,21-10-2022 05:10,43000
2,23-10-2022 07:13,123700
2,23-10-2022 13:17,47500
2,27-10-2022 10:48,77900
2,30-10-2022 06:13,119215
2,30-10-2022 21:54,123700
2,31-10-2022 01:05,100000
5,08-10-2022 00:59,3500
5,08-10-2022 04:45,10000
5,09-10-2022 11:22,1500
5,10-10-2022 00:59,4200
5,12-10-2022 19:09,1500
5,15-10-2022 20:03,1500
5,18-10-2022 19:52,1500
5,25-10-2022 01:35,1000
5,31-10-2022 21:05,8000
7,26-10-2022 21:57,6617
9,01-10-2022 11:08,49900
9,02-10-2022 20:55,11895
9,04-10-2022 15:27,19880
9,05-10-2022 14:08,19925
9,12-10-2022 19:57,10640
9,15-10-2022 04:17,15580
9,20-10-2022 23:25,5540
9,26-10-2022 13:02,20076
9,28-10-2022 10:49,18020
11,01-10-2022 13:12,2500
11,04-10-2022 18:40,4000
11,06-10-2022 02:45,6000
11,07-10-2022 03:13,2000
11,08-10-2022 01:59,4000
11,09-10-2022 08:47,6500
11,10-10-2022 08:30,5000
11,11-10-2022 03:45,3000
11,12-10-2022 01:07,2500
11,14-10-2022 06:19,6000
11,15-10-2022 04:31,7000
11,19-10-2022 09:00,1000
11,21-10-2022 09:11,3500
11,22-10-2022 17:53,5000
11,22-10-2022 17:55,3000
11,23-10-2022 15:27,4500
11,24-10-2022 21:34,4500
11,25-10-2022 14:11,2000
11,27-10-2022 05:40,4500
11,27-10-2022 20:11,8000
11,29-10-2022 11:23,4000
11,29-10-2022 21:14,6000
11,30-10-2022 21:15,3000
11,31-10-2022 23:57,4000
12,01-10-2022 01:27,1800
12,09-10-2022 20:17,480
12,10-10-2022 02:43,805
12,11-10-2022 21:31,650
12,14-10-2022 16:56,2010
12,26-10-2022 05:44,12000
12,28-10-2022 22:58,691
12,29-10-2022 15:49,1850
16,01-10-2022 06:52,9999
16,01-10-2022 19:34,8222
16,02-10-2022 19:45,10842
16,03-10-2022 02:50,11224
16,04-10-2022 11:53,21198
16,05-10-2022 00:32,6233
16,06-10-2022 18:28,7598
16,08-10-2022 21:11,3738
16,09-10-2022 07:56,5191
16,09-10-2022 20:10,10200
16,09-10-2022 21:08,5000
16,10-10-2022 18:09,7500
16,12-10-2022 00:48,11365
16,15-10-2022 04:46,10000
16,16-10-2022 12:36,6595
16,16-10-2022 21:11,24710
16,17-10-2022 15:37,10000
16,18-10-2022 00:46,17949
16,18-10-2022 07:27,16000
16,18-10-2022 20:21,15799
16,18-10-2022 22:29,9000
16,19-10-2022 19:44,3422
16,20-10-2022 03:04,13566
16,21-10-2022 15:28,20000
16,22-10-2022 04:35,5267
16,22-10-2022 17:44,5700
16,22-10-2022 20:15,17949
16,22-10-2022 23:24,14000
16,23-10-2022 06:19,9003
16,23-10-2022 06:50,9999
16,24-10-2022 03:38,15000
16,25-10-2022 20:39,9597
16,26-10-2022 07:38,10000
16,26-10-2022 14:18,9999
16,27-10-2022 17:49,2110
16,28-10-2022 12:32,19932
16,29-10-2022 14:38,9999
16,29-10-2022 18:14,6000
16,30-10-2022 16:22,8481
18,05-10-2022 05:12,4000
18,08-10-2022 10:14,1000
18,08-10-2022 13:19,4000
18,09-10-2022 13:05,1000
18,23-10-2022 05:25,2000
18,23-10-2022 18:18,1000
19,14-10-2022 03:14,16000
19,27-10-2022 13:42,9500
20,03-10-2022 11:52,10000
20,17-10-2022 19:23,10000
23,04-10-2022 04:51,34000
23,19-10-2022 19:05,65000
23,20-10-2022 16:16,50000
23,22-10-2022 19:11,60000
23,27-10-2022 21:10,70000
23,30-10-2022 17:36,52000
25,05-10-2022 02:36,7500
25,27-10-2022 09:27,9500
27,01-10-2022 06:44,6000
27,06-10-2022 22:38,173581
30,18-10-2022 23:49,152145
31,01-10-2022 14:13,2000
31,01-10-2022 21:43,6000
31,03-10-2022 00:48,1596
31,03-10-2022 01:12,1422
31,03-10-2022 11:54,4000
31,03-10-2022 15:28,4300
31,04-10-2022 02:24,1851
31,05-10-2022 18:06,3000
31,06-10-2022 00:37,4000
31,06-10-2022 21:46,1500
31,07-10-2022 04:29,3100
31,07-10-2022 20:43,2837
31,07-10-2022 21:48,300
31,09-10-2022 05:11,1822
31,11-10-2022 19:59,943
31,12-10-2022 07:38,1200
31,12-10-2022 13:40,1300
31,13-10-2022 12:45,4000
31,14-10-2022 10:08,4663
31,15-10-2022 03:34,3200
31,17-10-2022 01:30,2500
31,17-10-2022 05:59,300
31,17-10-2022 09:00,795
31,17-10-2022 13:58,4000
31,18-10-2022 08:24,3200
31,24-10-2022 06:45,2927
31,24-10-2022 23:27,3800
31,25-10-2022 05:25,300
31,27-10-2022 03:01,500
31,27-10-2022 13:04,3900
31,29-10-2022 17:50,3027
32,05-10-2022 18:53,5491
32,11-10-2022 22:41,300
33,02-10-2022 12:49,8000
33,04-10-2022 03:46,9000
33,05-10-2022 03:49,1000
33,10-10-2022 19:30,7000
33,22-10-2022 05:59,8000
36,06-10-2022 18:36,11000
37,16-10-2022 00:46,3021
37,22-10-2022 04:17,2521
37,26-10-2022 11:00,3021
39,02-10-2022 02:12,14200
39,02-10-2022 22:02,25701
39,06-10-2022 14:24,14000
39,09-10-2022 07:23,15817
39,11-10-2022 11:51,40000
39,11-10-2022 20:33,15500
39,18-10-2022 21:39,14377
39,27-10-2022 10:26,11725
44,26-10-2022 16:01,500
45,13-10-2022 09:56,26000
45,13-10-2022 22:11,5000
45,14-10-2022 07:02,16000
45,15-10-2022 03:25,15000
45,18-10-2022 05:03,4000
45,18-10-2022 10:10,16000
45,19-10-2022 11:33,31000
45,24-10-2022 15:46,5000
45,27-10-2022 23:24,16000
47,01-10-2022 01:01,3637
47,01-10-2022 02:52,1873
47,02-10-2022 05:45,5617
47,02-10-2022 10:49,1700
47,03-10-2022 08:04,2500
47,03-10-2022 12:32,3110
47,04-10-2022 04:11,2800
47,04-10-2022 08:04,5000
47,04-10-2022 15:19,1770
47,04-10-2022 15:26,1569
47,05-10-2022 07:28,2459
47,05-10-2022 20:20,2300
47,05-10-2022 22:55,1900
47,06-10-2022 03:32,1800
47,06-10-2022 12:51,3000
47,07-10-2022 17:02,2336
47,08-10-2022 12:10,4500
47,08-10-2022 14:11,2386
47,08-10-2022 15:26,1000
47,08-10-2022 16:16,3137
47,08-10-2022 18:17,6000
47,09-10-2022 06:48,2300
47,09-10-2022 22:41,1990
47,10-10-2022 02:47,2000
47,10-10-2022 07:30,1111
47,10-10-2022 10:19,3000
47,10-10-2022 20:45,5900
47,11-10-2022 10:03,8100
47,11-10-2022 21:50,2633
47,12-10-2022 01:55,1882
47,12-10-2022 12:42,1320
47,12-10-2022 16:17,9462
47,12-10-2022 16:47,6000
47,13-10-2022 03:29,3555
47,13-10-2022 15:46,7000
47,14-10-2022 03:56,3555
47,14-10-2022 05:37,2700
47,14-10-2022 18:46,7700
47,15-10-2022 01:06,1800
47,15-10-2022 05:07,4255
47,15-10-2022 23:38,4099
47,16-10-2022 07:30,2186
47,16-10-2022 17:40,542
47,17-10-2022 03:26,1850
47,18-10-2022 00:49,1611
47,18-10-2022 14:45,6000
47,19-10-2022 11:44,1179
47,19-10-2022 23:58,3500
47,20-10-2022 06:31,1682
47,20-10-2022 19:56,5117
47,21-10-2022 22:42,2285
47,22-10-2022 23:31,1300
47,23-10-2022 07:23,4500
47,24-10-2022 20:51,1000
47,25-10-2022 02:57,500
47,25-10-2022 13:09,9999
47,26-10-2022 02:10,1188
47,26-10-2022 08:37,3180
47,27-10-2022 03:05,3080
47,27-10-2022 04:06,2500
47,27-10-2022 14:55,4900
47,28-10-2022 02:33,1500
47,28-10-2022 04:47,1120
47,28-10-2022 07:13,7100
47,28-10-2022 08:07,5500
47,28-10-2022 19:46,1566
47,29-10-2022 14:31,2500
47,29-10-2022 20:31,850
47,29-10-2022 21:49,2222
47,30-10-2022 07:06,8100
47,30-10-2022 14:01,1800
47,30-10-2022 22:48,9800
47,30-10-2022 22:59,1111
47,31-10-2022 02:13,2000
47,31-10-2022 06:03,4896
47,31-10-2022 17:57,8800
50,07-10-2022 00:22,2000
50,11-10-2022 06:08,3000
50,25-10-2022 12:20,2000
50,26-10-2022 14:01,1000
50,27-10-2022 16:53,1000
51,11-10-2022 23:28,17900
52,02-10-2022 10:37,9520
55,06-10-2022 08:11,2000
55,29-10-2022 18:35,179
59,06-10-2022 01:14,13067
59,13-10-2022 16:20,7423
59,16-10-2022 04:47,8000
59,20-10-2022 04:08,11783
59,20-10-2022 19:14,9049
59,31-10-2022 04:50,11783
59,31-10-2022 16:49,6783
60,06-10-2022 00:47,5000
60,06-10-2022 13:46,7000
60,07-10-2022 17:56,8500
60,10-10-2022 00:23,10000
60,10-10-2022 15:15,7000
60,11-10-2022 09:58,20000
60,11-10-2022 17:03,13000
60,13-10-2022 06:03,8000
60,15-10-2022 21:09,3000
60,17-10-2022 04:29,5500
60,22-10-2022 21:02,4000
60,23-10-2022 06:39,15000
60,23-10-2022 13:27,5500
60,26-10-2022 06:30,5000
60,31-10-2022 04:31,10000
62,25-10-2022 05:36,18000
63,07-10-2022 04:34,12000
64,04-10-2022 03:55,3700
64,04-10-2022 23:55,3000
64,07-10-2022 11:24,4800
64,07-10-2022 12:31,4900
64,10-10-2022 18:40,2000
64,12-10-2022 06:36,1600
64,14-10-2022 14:19,6100
64,18-10-2022 16:13,4600
64,21-10-2022 18:57,3500
64,31-10-2022 15:21,4000
71,09-10-2022 16:33,500
71,21-10-2022 05:16,1100
72,14-10-2022 18:42,3000
72,16-10-2022 08:21,2791
72,31-10-2022 16:23,4000
74,01-10-2022 15:14,2080
74,10-10-2022 11:07,9889
74,13-10-2022 23:34,1200
75,04-10-2022 05:22,3000
75,09-10-2022 19:57,5000
75,29-10-2022 03:28,5000
76,02-10-2022 08:11,1659
76,22-10-2022 12:47,2500
77,12-10-2022 02:10,15000
78,02-10-2022 05:06,22000
78,02-10-2022 17:11,38000
78,03-10-2022 09:08,54000
78,03-10-2022 09:09,31000
78,03-10-2022 18:02,5000
78,07-10-2022 04:46,11000
78,07-10-2022 15:29,49000
78,08-10-2022 16:27,8600
78,08-10-2022 16:52,57500
78,08-10-2022 20:08,25000
78,09-10-2022 12:29,52500
78,10-10-2022 19:32,25000
78,11-10-2022 14:23,18900
78,12-10-2022 20:18,27000
78,12-10-2022 20:50,10000
78,13-10-2022 09:14,59000
78,13-10-2022 15:55,10000
78,13-10-2022 18:02,20000
78,14-10-2022 03:50,32000
78,15-10-2022 02:01,20000
78,15-10-2022 19:03,32000
78,16-10-2022 06:48,51000
78,18-10-2022 01:37,15000
78,18-10-2022 16:24,40000
78,19-10-2022 21:59,14000
78,19-10-2022 22:29,9000
78,21-10-2022 14:31,49000
78,22-10-2022 02:33,40000
78,22-10-2022 11:20,45000
78,22-10-2022 12:19,42500
78,24-10-2022 04:11,15000
78,25-10-2022 06:55,15000
78,25-10-2022 07:21,10000
78,25-10-2022 11:01,50000
78,25-10-2022 14:33,54000
78,25-10-2022 17:08,60000
78,25-10-2022 18:35,22000
78,25-10-2022 20:49,55000
78,26-10-2022 23:51,9900
78,27-10-2022 00:14,27500
78,27-10-2022 04:00,49000
78,27-10-2022 17:03,27000
78,28-10-2022 15:43,20000
78,29-10-2022 14:57,35000
78,31-10-2022 00:53,10000
78,31-10-2022 07:48,60000
78,31-10-2022 22:24,52500
80,26-10-2022 13:41,100000
82,03-10-2022 19:40,1100
82,04-10-2022 11:54,6000
82,04-10-2022 20:50,19000
82,06-10-2022 21:33,1100
82,08-10-2022 06:30,900
82,08-10-2022 13:29,2600
82,08-10-2022 14:54,39650
82,09-10-2022 12:36,10000
82,09-10-2022 21:07,24000
82,11-10-2022 03:01,23500
82,11-10-2022 10:50,1700
82,13-10-2022 23:39,66000
82,14-10-2022 02:16,24000
82,14-10-2022 02:25,23200
82,14-10-2022 03:52,6000
82,15-10-2022 20:12,37120
82,16-10-2022 03:23,23320
82,16-10-2022 12:24,11610
82,16-10-2022 13:11,19000
82,16-10-2022 14:37,5700
82,16-10-2022 15:48,38800
82,17-10-2022 13:40,12330
82,17-10-2022 23:38,25000
82,18-10-2022 12:03,600
82,18-10-2022 23:42,16500
82,20-10-2022 05:54,57000
82,21-10-2022 19:32,25000
82,22-10-2022 03:39,20000
82,23-10-2022 00:36,39300
82,23-10-2022 09:16,10000
82,25-10-2022 23:26,17000
82,26-10-2022 11:19,24100
82,26-10-2022 19:44,2500
82,27-10-2022 04:57,12030
82,28-10-2022 06:17,14000
82,28-10-2022 19:41,25000
82,29-10-2022 05:34,61000
82,31-10-2022 09:14,24500
82,31-10-2022 09:50,39300
82,31-10-2022 16:53,10000
85,14-10-2022 20:56,7250
85,21-10-2022 11:38,15000
85,25-10-2022 00:27,8000
93,02-10-2022 07:31,22000
93,02-10-2022 09:51,33000
93,04-10-2022 11:30,25000
93,07-10-2022 00:03,3019
93,07-10-2022 03:17,8043
93,07-10-2022 21:02,15900
93,08-10-2022 01:26,26000
93,10-10-2022 20:02,10100
93,13-10-2022 13:09,18000
93,13-10-2022 19:20,77000
93,14-10-2022 20:24,31000
93,16-10-2022 07:29,25000
93,18-10-2022 01:56,30000
93,19-10-2022 05:57,3000
93,19-10-2022 15:21,23000
93,21-10-2022 16:24,30000
93,23-10-2022 00:17,21000
93,24-10-2022 22:19,27000
93,25-10-2022 11:39,1500
93,25-10-2022 17:46,3990
93,26-10-2022 22:43,30400
93,29-10-2022 19:38,20022
93,31-10-2022 08:34,13000
93,31-10-2022 09:28,14500
94,21-10-2022 20:54,10000
97,01-10-2022 11:42,12000
97,02-10-2022 19:54,5000
97,08-10-2022 00:17,8000
97,09-10-2022 14:52,21000
97,10-10-2022 02:27,4000
97,17-10-2022 22:55,5000
97,18-10-2022 09:28,6000
97,20-10-2022 11:03,7000
97,21-10-2022 12:12,6000
97,24-10-2022 05:02,6500
97,26-10-2022 03:22,5000
97,26-10-2022 22:23,7000
97,29-10-2022 01:18,11500
97,31-10-2022 00:20,3000
99,01-10-2022 11:36,61791
99,01-10-2022 12:08,23198
99,02-10-2022 00:36,43478
99,04-10-2022 02:06,154346
99,06-10-2022 17:48,30656
99,08-10-2022 05:09,447723
99,11-10-2022 03:03,320263
99,12-10-2022 01:23,462661
99,13-10-2022 10:32,25452
99,14-10-2022 07:01,66151
99,15-10-2022 01:53,240324
99,20-10-2022 01:09,23527
99,27-10-2022 22:53,178052
99,29-10-2022 19:23,154046
99,30-10-2022 07:18,171473
101,30-10-2022 20:01,40000
102,18-10-2022 08:55,6000
102,25-10-2022 00:07,2000
104,11-10-2022 05:50,6000
104,20-10-2022 18:57,18000
104,30-10-2022 15:21,40000
106,02-10-2022 08:55,10000
106,07-10-2022 20:47,3000
106,14-10-2022 08:51,5500
106,20-10-2022 01:04,4000
106,21-10-2022 20:26,5500
106,26-10-2022 16:23,3427
106,27-10-2022 10:24,1000
107,05-10-2022 00:05,3000
107,05-10-2022 05:24,9000
107,05-10-2022 21:35,1600
107,16-10-2022 11:35,11000
107,17-10-2022 22:06,2000
107,19-10-2022 05:37,3000
107,19-10-2022 07:16,17500
107,19-10-2022 15:56,14500
107,21-10-2022 14:49,5000
107,22-10-2022 06:36,7000
107,23-10-2022 21:22,7000
107,30-10-2022 02:41,2000
107,31-10-2022 11:12,9300
108,31-10-2022 02:42,15000
112,05-10-2022 23:43,53266
112,06-10-2022 13:32,1900
112,07-10-2022 09:32,400
112,09-10-2022 21:32,33896
112,10-10-2022 14:02,2116
112,21-10-2022 00:45,19521
112,29-10-2022 00:56,28072
112,31-10-2022 23:58,1604
114,01-10-2022 15:21,7500
114,06-10-2022 18:06,7500
114,07-10-2022 17:22,3000
114,09-10-2022 03:54,25000
114,09-10-2022 11:30,10000
114,10-10-2022 22:05,7000
114,12-10-2022 21:17,10000
114,19-10-2022 05:42,17000
114,20-10-2022 11:57,10000
114,21-10-2022 13:19,30000
114,24-10-2022 12:14,5000
114,25-10-2022 17:44,7500
114,26-10-2022 18:18,20000
114,28-10-2022 01:15,7000
114,30-10-2022 12:52,22000
115,24-10-2022 23:44,9939
122,16-10-2022 10:14,5000
122,31-10-2022 06:01,6000
125,06-10-2022 21:59,500
125,09-10-2022 18:58,700
125,09-10-2022 20:53,500
125,10-10-2022 17:11,1000
125,16-10-2022 12:30,100
125,17-10-2022 11:30,250
125,21-10-2022 03:08,300
125,28-10-2022 23:01,1000
127,30-10-2022 20:32,20000
130,05-10-2022 15:08,25200
130,07-10-2022 02:58,210000
130,07-10-2022 19:32,60000
130,19-10-2022 15:15,30000
132,11-10-2022 06:42,11083
133,11-10-2022 17:50,6000
133,12-10-2022 12:25,6800
133,16-10-2022 23:47,8000
133,18-10-2022 13:07,5000
133,22-10-2022 05:35,7000
133,22-10-2022 14:50,5000
133,23-10-2022 09:56,4000
133,30-10-2022 14:30,7500
137,02-10-2022 22:36,10000
137,04-10-2022 07:36,10000
137,04-10-2022 15:17,15000
137,05-10-2022 13:58,5000
137,08-10-2022 11:58,22000
137,12-10-2022 18:58,10000
137,13-10-2022 09:27,25000
137,14-10-2022 09:37,30000
137,17-10-2022 04:21,20000
137,19-10-2022 06:43,10000
137,24-10-2022 02:34,20000
137,24-10-2022 23:10,10000
137,27-10-2022 07:01,7000
137,30-10-2022 00:15,2000
137,30-10-2022 17:18,22000
137,31-10-2022 11:40,10000
139,04-10-2022 08:14,11000
139,13-10-2022 01:06,8000
139,14-10-2022 21:04,11000
140,03-10-2022 06:27,14000
140,05-10-2022 18:39,8000
140,08-10-2022 14:16,3000
140,19-10-2022 09:09,20000
141,05-10-2022 13:33,25000
141,14-10-2022 17:09,34877
142,01-10-2022 20:14,43400
142,05-10-2022 03:53,45500
142,06-10-2022 02:36,32000
142,10-10-2022 20:13,42500
142,13-10-2022 16:03,43400
142,16-10-2022 02:02,18000
142,16-10-2022 03:24,11600
142,17-10-2022 01:42,32400
142,19-10-2022 11:06,48500
142,21-10-2022 14:53,42000
142,22-10-2022 11:15,36300
142,23-10-2022 02:44,33800
142,26-10-2022 09:50,42500
144,03-10-2022 22:57,28000
145,14-10-2022 08:45,24000
145,28-10-2022 11:33,20000
146,04-10-2022 19:55,100000
146,09-10-2022 13:56,17500
146,15-10-2022 08:30,10000
146,21-10-2022 17:34,42000
146,29-10-2022 09:32,6000
148,10-10-2022 23:09,15000
152,23-10-2022 21:32,1000
153,02-10-2022 05:28,10000
153,02-10-2022 20:35,10472
153,03-10-2022 08:54,6500
153,08-10-2022 16:03,6000
153,14-10-2022 15:33,5000
153,22-10-2022 14:10,5000
155,01-10-2022 21:32,5500
157,01-10-2022 02:45,27777
157,04-10-2022 13:58,2000
157,05-10-2022 19:12,26666
157,07-10-2022 01:49,35555
157,07-10-2022 07:53,33333
157,07-10-2022 09:35,15555
157,07-10-2022 17:39,27777
157,08-10-2022 04:03,18888
157,08-10-2022 21:55,11111
157,09-10-2022 21:01,1100
157,10-10-2022 02:52,22222
157,10-10-2022 13:03,21111
157,11-10-2022 23:18,24444
157,13-10-2022 21:28,17777
157,16-10-2022 23:28,2000
157,24-10-2022 00:42,28888
157,25-10-2022 17:21,16666
157,26-10-2022 01:11,18888
157,27-10-2022 04:44,24444
157,28-10-2022 10:09,13211
157,29-10-2022 17:42,22222
157,30-10-2022 07:24,22222
158,16-10-2022 06:44,10000
158,21-10-2022 10:48,15000
158,21-10-2022 11:15,5000
158,24-10-2022 13:05,5000
158,26-10-2022 15:03,5000
158,27-10-2022 09:48,10000
159,01-10-2022 00:16,9540
159,02-10-2022 07:48,22712
159,04-10-2022 03:43,12700
159,09-10-2022 11:39,15000
159,10-10-2022 12:48,8528
159,15-10-2022 07:48,10000
159,20-10-2022 18:56,10840
159,21-10-2022 13:09,3000
159,25-10-2022 02:51,7000
159,27-10-2022 04:57,4500
159,28-10-2022 03:30,7317
159,31-10-2022 15:52,13500
161,23-10-2022 02:28,5500
162,04-10-2022 06:12,90000
162,05-10-2022 04:17,130000
162,05-10-2022 09:12,140000
162,06-10-2022 07:42,150000
162,08-10-2022 10:45,90000
162,09-10-2022 15:19,75000
162,10-10-2022 16:35,90000
162,10-10-2022 17:39,50000
162,11-10-2022 01:46,95000
162,11-10-2022 02:02,115000
162,11-10-2022 13:23,105000
162,12-10-2022 10:42,100000
162,17-10-2022 18:56,76000
162,18-10-2022 10:53,130000
162,19-10-2022 23:57,96000
162,20-10-2022 11:04,70000
162,21-10-2022 01:46,140000
162,22-10-2022 14:05,100000
162,23-10-2022 13:12,45000
162,25-10-2022 01:30,110000
162,25-10-2022 15:07,145000
162,25-10-2022 15:30,118000
162,29-10-2022 07:23,100000
164,01-10-2022 00:24,815
164,01-10-2022 03:50,5200
164,02-10-2022 12:42,5200
164,02-10-2022 23:17,4650
164,04-10-2022 07:45,5160
164,04-10-2022 14:03,7800
164,05-10-2022 08:23,5000
164,05-10-2022 22:24,3500
164,06-10-2022 08:40,4000
164,06-10-2022 11:41,5278
164,07-10-2022 10:56,4240
164,07-10-2022 16:15,5300
164,09-10-2022 18:25,4900
164,10-10-2022 01:54,1400
164,11-10-2022 12:41,110
164,12-10-2022 03:05,5200
164,12-10-2022 13:53,5016
164,13-10-2022 11:51,4500
164,13-10-2022 16:50,5000
164,13-10-2022 23:04,4950
164,14-10-2022 04:29,1815
164,15-10-2022 16:01,5000
164,15-10-2022 20:39,9100
164,15-10-2022 23:44,5200
164,16-10-2022 02:49,5700
164,16-10-2022 23:38,5272
164,17-10-2022 08:01,4700
164,19-10-2022 14:33,3000
164,19-10-2022 18:38,7500
164,20-10-2022 18:16,8500
164,22-10-2022 12:27,5000
164,23-10-2022 00:34,5000
164,23-10-2022 03:59,2500
164,23-10-2022 13:32,8776
164,23-10-2022 17:34,5000
164,23-10-2022 20:32,5250
164,24-10-2022 02:27,200
164,25-10-2022 21:21,2600
164,26-10-2022 04:04,5000
164,26-10-2022 08:06,1000
164,27-10-2022 14:36,800
164,28-10-2022 08:25,5000
164,28-10-2022 13:27,5312
164,29-10-2022 08:39,9700
164,29-10-2022 12:06,5296
164,29-10-2022 14:56,5263
164,29-10-2022 21:42,5100
164,30-10-2022 01:12,5250
164,30-10-2022 20:37,4900
167,07-10-2022 07:17,3500
167,09-10-2022 22:31,3000
167,10-10-2022 00:46,3499
167,13-10-2022 01:18,2000
167,18-10-2022 23:34,3000
167,21-10-2022 21:03,1400
167,22-10-2022 12:01,3000
167,25-10-2022 14:00,3000
167,25-10-2022 18:41,2000
167,26-10-2022 14:51,1000
167,29-10-2022 10:59,3499
167,30-10-2022 12:59,3499
167,30-10-2022 13:43,1500
168,02-10-2022 22:38,3000
168,03-10-2022 15:49,5500
168,05-10-2022 16:30,5500
168,06-10-2022 05:58,2200
168,09-10-2022 14:55,1700
168,13-10-2022 10:51,20000
168,14-10-2022 04:05,8000
168,19-10-2022 04:03,9500
168,21-10-2022 14:09,27000
168,25-10-2022 23:15,8500
168,30-10-2022 22:01,5500
174,12-10-2022 08:13,4797
175,07-10-2022 19:34,80000
175,16-10-2022 23:59,80000
178,22-10-2022 21:32,28683
178,23-10-2022 06:09,49000
179,11-10-2022 22:39,70000
179,14-10-2022 11:10,5000
179,15-10-2022 11:31,12000
179,18-10-2022 20:05,10000
179,24-10-2022 02:50,10000
179,24-10-2022 08:15,15000
180,03-10-2022 20:46,5000
180,27-10-2022 03:08,5000
180,31-10-2022 11:30,5000
182,05-10-2022 01:33,26725
182,08-10-2022 16:49,5618
182,16-10-2022 05:53,31540
182,28-10-2022 20:02,16456
183,10-10-2022 04:24,9092
183,12-10-2022 02:59,11000
183,29-10-2022 04:12,8100
184,05-10-2022 23:18,7022
184,22-10-2022 03:22,10000
185,04-10-2022 11:22,1000
185,06-10-2022 10:24,8602
185,06-10-2022 19:23,604
185,07-10-2022 06:15,2000
185,07-10-2022 14:14,2505
185,10-10-2022 18:42,1023
185,10-10-2022 23:08,1402
185,14-10-2022 08:03,1000
185,15-10-2022 18:36,2000
185,16-10-2022 04:58,3399
185,19-10-2022 14:05,1000
185,19-10-2022 21:36,3086
185,22-10-2022 12:07,2129
185,22-10-2022 15:06,1406
185,25-10-2022 03:41,3178
185,27-10-2022 04:10,1000
185,29-10-2022 04:21,900
185,31-10-2022 01:57,1517
186,09-10-2022 00:42,5000
186,16-10-2022 15:27,5000
187,01-10-2022 12:05,2000
187,07-10-2022 02:09,680
187,09-10-2022 10:02,10000
187,10-10-2022 11:03,100
187,10-10-2022 21:57,416
187,15-10-2022 05:17,3000
187,15-10-2022 23:41,12000
187,17-10-2022 07:46,9700
187,17-10-2022 16:13,10000
187,19-10-2022 20:00,100
187,20-10-2022 01:45,8000
187,21-10-2022 19:37,100
187,22-10-2022 00:21,2500
187,22-10-2022 23:32,1748
187,24-10-2022 20:10,1500
187,25-10-2022 13:37,12000
187,26-10-2022 08:11,844
187,26-10-2022 21:43,6800
187,27-10-2022 03:10,1279
187,28-10-2022 07:36,12000
187,28-10-2022 23:11,2500
187,29-10-2022 09:48,1000
187,30-10-2022 01:37,1000
187,31-10-2022 11:40,149
190,01-10-2022 00:03,5872
190,02-10-2022 12:40,327
190,03-10-2022 13:52,521
190,04-10-2022 13:31,6992
190,05-10-2022 11:07,8000
190,08-10-2022 09:37,3000
190,08-10-2022 20:07,4979
190,08-10-2022 21:09,278
190,09-10-2022 21:57,7256
190,12-10-2022 15:24,10452
190,13-10-2022 03:39,9000
190,13-10-2022 04:51,8040
190,13-10-2022 16:56,4000
190,16-10-2022 09:56,13000
190,17-10-2022 12:03,8252
190,18-10-2022 14:42,13031
190,21-10-2022 16:58,8000
190,22-10-2022 06:58,8051
190,23-10-2022 09:32,1178
190,24-10-2022 05:19,11460
190,24-10-2022 11:49,4245
190,24-10-2022 20:08,8254
190,27-10-2022 01:34,10600
190,29-10-2022 22:29,2136
190,30-10-2022 06:12,8760
190,31-10-2022 05:13,312
193,04-10-2022 01:21,34000
193,11-10-2022 16:09,40000
193,18-10-2022 00:20,57000
193,21-10-2022 05:49,30000
193,26-10-2022 06:31,40000
193,27-10-2022 16:04,76000
193,28-10-2022 12:52,35000
194,11-10-2022 00:14,15000
194,11-10-2022 17:14,20000
194,13-10-2022 09:58,15000
194,13-10-2022 17:43,10000
194,17-10-2022 13:24,20000
194,25-10-2022 20:47,20000
194,30-10-2022 05:28,6000
196,02-10-2022 04:17,40000
196,02-10-2022 17:30,9000
196,04-10-2022 23:31,35000
196,05-10-2022 04:17,45000
196,08-10-2022 09:02,10000
196,11-10-2022 21:10,15000
196,16-10-2022 18:19,45000
196,19-10-2022 20:29,30000
196,27-10-2022 08:09,70000
196,28-10-2022 22:47,25000
196,29-10-2022 01:19,29000
198,24-10-2022 23:24,8000
200,03-10-2022 01:09,35000
200,07-10-2022 06:52,35000
200,14-10-2022 03:08,10000
200,14-10-2022 14:03,92000
200,15-10-2022 15:28,421000
201,10-10-2022 23:10,13275
201,14-10-2022 17:29,999
201,15-10-2022 16:47,10025
201,16-10-2022 22:59,12730
201,20-10-2022 22:14,1100
201,28-10-2022 20:10,10055
202,06-10-2022 05:40,33000
202,08-10-2022 08:43,6500
202,08-10-2022 23:59,19195
202,09-10-2022 09:51,15000
202,17-10-2022 12:02,45000
202,22-10-2022 12:24,130911
202,22-10-2022 19:10,14723
202,25-10-2022 05:12,33000
202,30-10-2022 10:15,50800
204,06-10-2022 23:50,7745
204,11-10-2022 17:52,4997
204,16-10-2022 16:51,7189
204,20-10-2022 12:19,4338
204,23-10-2022 16:42,5197
204,28-10-2022 14:14,10150
207,03-10-2022 23:36,5053
208,04-10-2022 07:22,75000
208,08-10-2022 21:46,10000
208,10-10-2022 06:16,10928
208,13-10-2022 07:04,175000
208,13-10-2022 16:07,10000
208,17-10-2022 13:16,165000
208,24-10-2022 06:23,27000
208,30-10-2022 06:29,165000
208,31-10-2022 22:31,20000
212,04-10-2022 09:31,18000
212,04-10-2022 14:38,155382
212,06-10-2022 01:24,97000
212,22-10-2022 13:59,319468
213,13-10-2022 03:46,7400
213,23-10-2022 17:46,6300
214,24-10-2022 07:38,200000
218,11-10-2022 09:43,25000
222,02-10-2022 00:23,60632
222,08-10-2022 13:39,30692
222,11-10-2022 12:17,8034
226,09-10-2022 08:02,412
226,10-10-2022 11:38,1259
226,23-10-2022 16:11,1000
229,05-10-2022 19:50,1565
230,03-10-2022 08:23,500
230,22-10-2022 22:45,1500
230,28-10-2022 18:06,1400
233,18-10-2022 05:37,23400
233,21-10-2022 03:20,13000
233,28-10-2022 07:27,8000
234,01-10-2022 04:25,3802
234,11-10-2022 11:09,4200
234,14-10-2022 11:22,3000
234,19-10-2022 21:13,2190
234,25-10-2022 01:18,3753
237,24-10-2022 15:06,70000
238,01-10-2022 07:29,51000
238,02-10-2022 08:43,25000
238,15-10-2022 18:00,85000
238,17-10-2022 02:56,30000
238,19-10-2022 09:06,105000
238,22-10-2022 23:19,50000
238,28-10-2022 06:21,99000
240,12-10-2022 01:03,4000
240,24-10-2022 11:18,3100
240,31-10-2022 13:49,15000
241,17-10-2022 18:51,3000
242,18-10-2022 13:54,42634
242,22-10-2022 21:31,34743
242,29-10-2022 12:39,14947
244,10-10-2022 16:38,4000
245,09-10-2022 05:44,126000
245,12-10-2022 08:36,58000
245,12-10-2022 09:18,100000
245,16-10-2022 08:48,100000
245,18-10-2022 10:22,150000
245,20-10-2022 10:13,10200
245,26-10-2022 19:26,70000
245,28-10-2022 07:35,76000
245,28-10-2022 19:00,120000
245,31-10-2022 18:18,102000
246,01-10-2022 18:14,5000
246,03-10-2022 16:35,8500
246,04-10-2022 05:57,10000
246,05-10-2022 21:34,9000
246,06-10-2022 23:10,7000
246,14-10-2022 02:31,11000
246,14-10-2022 09:07,3000
246,15-10-2022 05:23,11500
246,25-10-2022 19:53,1500
246,27-10-2022 10:13,6000
250,03-10-2022 06:00,87500
251,04-10-2022 15:05,10000
251,28-10-2022 03:34,10000
253,01-10-2022 08:42,56069
254,08-10-2022 04:32,3000
255,31-10-2022 00:46,5000
257,16-10-2022 07:36,35000
257,27-10-2022 16:02,30000
258,04-10-2022 19:31,5000
258,13-10-2022 04:09,4000
258,16-10-2022 10:02,3000
258,18-10-2022 02:22,3700
258,26-10-2022 08:47,9500
261,01-10-2022 10:54,500
261,08-10-2022 16:06,2500
261,10-10-2022 18:22,2500
261,22-10-2022 16:57,1300
261,27-10-2022 14:42,1300
262,01-10-2022 10:09,500
262,09-10-2022 22:56,500
262,19-10-2022 23:27,500
262,23-10-2022 10:22,1500
262,31-10-2022 04:23,500
263,11-10-2022 03:35,9899
263,28-10-2022 22:47,16000
263,31-10-2022 14:19,16307
264,12-10-2022 14:18,5000
264,13-10-2022 19:51,3500
264,22-10-2022 06:40,7200
267,09-10-2022 12:19,12021
267,22-10-2022 15:14,3000
270,15-10-2022 14:13,250
270,17-10-2022 07:35,30429
272,01-10-2022 07:34,16705
272,06-10-2022 03:23,13500
272,06-10-2022 21:02,3000
272,08-10-2022 08:58,23530
272,14-10-2022 23:43,24133
272,15-10-2022 23:55,6334
272,30-10-2022 21:17,100000
272,31-10-2022 08:52,2000
273,05-10-2022 03:00,5000
273,13-10-2022 14:16,8839
273,17-10-2022 00:19,12000
273,17-10-2022 09:42,2500
273,17-10-2022 19:50,3500
273,23-10-2022 03:15,7220
273,24-10-2022 23:27,5500
274,26-10-2022 20:52,11000
276,01-10-2022 09:05,12925
283,16-10-2022 10:59,6500
283,19-10-2022 07:52,9900
283,26-10-2022 05:18,3000
285,22-10-2022 03:43,90000
285,24-10-2022 19:39,15000
287,25-10-2022 05:52,4900
288,30-10-2022 01:55,1000
289,02-10-2022 13:56,8000
289,04-10-2022 16:15,14000
289,05-10-2022 14:23,5000
289,06-10-2022 06:20,10000
289,07-10-2022 07:29,8000
289,08-10-2022 13:57,6000
289,15-10-2022 04:54,5000
289,16-10-2022 13:49,40000
289,18-10-2022 13:20,10000
289,18-10-2022 14:21,17000
289,20-10-2022 10:36,10000
289,24-10-2022 11:30,15000
289,24-10-2022 23:18,10000
289,30-10-2022 02:03,10000
289,31-10-2022 10:47,20000
289,31-10-2022 11:21,10000
289,31-10-2022 18:32,15000
292,01-10-2022 17:07,8900
292,01-10-2022 18:45,12049
292,04-10-2022 14:38,6843
292,05-10-2022 03:36,10149
292,06-10-2022 06:25,3325
292,08-10-2022 16:21,7500
292,12-10-2022 10:25,2943
292,14-10-2022 06:47,5893
292,15-10-2022 16:39,3850
292,20-10-2022 03:17,8500
292,24-10-2022 00:15,7050
292,24-10-2022 19:58,6830
292,27-10-2022 13:53,4562
292,29-10-2022 06:11,2943
292,29-10-2022 13:37,10000
292,29-10-2022 23:18,13399
292,30-10-2022 23:17,12999
294,09-10-2022 11:42,128872
294,19-10-2022 11:07,58426
294,26-10-2022 14:00,123889
296,01-10-2022 12:40,13156
296,01-10-2022 18:18,7000
296,04-10-2022 01:32,10900
296,09-10-2022 09:47,11900
296,12-10-2022 18:44,7500
296,13-10-2022 11:45,12232
296,14-10-2022 03:07,20000
296,15-10-2022 06:41,235
296,16-10-2022 20:20,11156
296,17-10-2022 13:49,4000
296,18-10-2022 03:46,6500
296,18-10-2022 07:32,13032
296,18-10-2022 07:55,12156
296,19-10-2022 15:36,6000
296,20-10-2022 05:06,6000
296,24-10-2022 00:03,10000
296,25-10-2022 14:40,17979
296,28-10-2022 19:28,9000
296,30-10-2022 23:15,2500
298,28-10-2022 15:28,14030
298,30-10-2022 20:57,15130
299,01-10-2022 11:39,10000
299,02-10-2022 14:59,46000
299,11-10-2022 16:27,4000
299,17-10-2022 13:37,6000
299,23-10-2022 10:54,9000
299,28-10-2022 22:45,35000
299,29-10-2022 05:08,40000
300,24-10-2022 17:30,45000
300,30-10-2022 13:42,45000
301,27-10-2022 13:21,8900
302,01-10-2022 01:11,2000
302,05-10-2022 12:12,2665
302,25-10-2022 03:39,3500
302,25-10-2022 23:00,1900
304,03-10-2022 10:57,4000
305,19-10-2022 19:52,10000
305,27-10-2022 15:56,55000
307,02-10-2022 06:49,19315
308,13-10-2022 10:13,10000
309,03-10-2022 12:18,7500
309,05-10-2022 03:03,8000
309,06-10-2022 14:51,7000
309,07-10-2022 11:56,6000
309,09-10-2022 19:52,4000
309,11-10-2022 18:30,3000
309,13-10-2022 10:37,3000
309,14-10-2022 18:48,6000
309,15-10-2022 01:53,4500
309,15-10-2022 02:12,3000
309,15-10-2022 21:40,9700
309,20-10-2022 02:00,5000
309,27-10-2022 19:43,8000
309,29-10-2022 10:54,5000
309,29-10-2022 20:00,9000
309,30-10-2022 08:14,3000
310,02-10-2022 10:23,40000
310,21-10-2022 09:42,40000
310,29-10-2022 04:42,17528
313,01-10-2022 03:27,6000
313,04-10-2022 05:55,4000
313,04-10-2022 14:43,3000
313,12-10-2022 02:05,3000
314,11-10-2022 10:14,5000
316,05-10-2022 11:53,2700
318,03-10-2022 07:08,2000
318,06-10-2022 07:21,1000
318,06-10-2022 12:34,1000
318,10-10-2022 22:38,4000
318,14-10-2022 09:17,1500
318,15-10-2022 13:13,4000
318,15-10-2022 18:44,1000
318,17-10-2022 09:23,1500
318,20-10-2022 06:40,1500
318,24-10-2022 13:01,1000
321,07-10-2022 11:22,1000
322,12-10-2022 13:54,9150
324,08-10-2022 08:00,3800
327,23-10-2022 03:23,1000
327,26-10-2022 03:09,2000
330,02-10-2022 15:49,4000
330,04-10-2022 11:29,5000
330,06-10-2022 15:07,5000
330,28-10-2022 07:53,1127
330,29-10-2022 19:13,4000
333,12-10-2022 09:51,4450
335,01-10-2022 10:15,20000
335,14-10-2022 05:46,20000
335,31-10-2022 05:56,10000
336,07-10-2022 19:08,15000
336,09-10-2022 06:10,33545
336,12-10-2022 10:14,15000
336,24-10-2022 18:24,102813
336,25-10-2022 11:02,9000
337,03-10-2022 19:57,200
337,18-10-2022 13:17,7302
337,19-10-2022 02:51,7102
338,02-10-2022 19:17,7000
338,27-10-2022 05:44,13000
341,18-10-2022 13:13,5500
342,06-10-2022 17:52,9900
342,13-10-2022 20:51,4000
342,15-10-2022 00:08,9000
342,17-10-2022 02:52,9900
342,21-10-2022 20:43,8000
342,25-10-2022 19:04,9000
342,25-10-2022 20:33,5500
344,08-10-2022 13:13,160000
344,10-10-2022 08:09,150000
344,10-10-2022 20:56,60000
344,18-10-2022 13:10,120000
344,18-10-2022 20:25,90000
344,19-10-2022 18:24,84000
344,20-10-2022 04:26,120000
344,27-10-2022 02:34,50000
344,27-10-2022 14:59,100000
344,30-10-2022 02:35,90000
348,29-10-2022 05:46,10000
351,02-10-2022 00:30,5479
351,10-10-2022 14:47,7104
351,14-10-2022 00:39,2317
351,23-10-2022 13:59,3333
351,24-10-2022 20:47,4247
351,27-10-2022 08:10,4936
351,28-10-2022 22:06,3630
352,04-10-2022 21:07,89259
352,04-10-2022 22:01,30000
352,08-10-2022 00:54,109259
352,10-10-2022 05:30,12000
352,24-10-2022 14:01,50000
352,28-10-2022 04:21,35000
352,30-10-2022 21:22,80000
352,31-10-2022 22:39,24000
353,11-10-2022 00:03,4285
353,14-10-2022 11:13,2000
353,20-10-2022 00:58,1715
353,20-10-2022 16:56,12000
353,22-10-2022 10:20,7500
353,31-10-2022 15:04,7500
354,03-10-2022 08:39,40000
355,06-10-2022 17:46,15000
355,31-10-2022 01:36,5663
355,31-10-2022 14:23,22397
357,03-10-2022 15:45,7862
357,05-10-2022 14:06,5371
357,26-10-2022 02:22,1039
357,29-10-2022 01:16,23795
357,29-10-2022 08:27,2019
357,30-10-2022 12:57,30000
365,02-10-2022 02:48,45451
365,03-10-2022 19:37,20015
365,04-10-2022 00:20,9995
365,05-10-2022 03:17,100000
365,05-10-2022 23:12,52841
365,05-10-2022 23:23,48130
365,06-10-2022 10:01,48679
365,08-10-2022 01:27,21525
365,10-10-2022 07:13,52818
365,11-10-2022 08:28,30464
365,13-10-2022 01:30,47016
365,13-10-2022 17:15,12522
365,14-10-2022 16:52,11649
365,14-10-2022 20:07,24791
365,16-10-2022 14:01,30000
365,17-10-2022 02:50,15571
365,17-10-2022 18:47,183400
365,20-10-2022 04:24,20988
365,20-10-2022 07:43,10815
365,21-10-2022 11:52,8899
365,22-10-2022 12:18,17544
365,25-10-2022 12:23,40389
365,26-10-2022 17:26,50000
365,28-10-2022 00:36,158238
365,28-10-2022 11:24,23686
365,28-10-2022 11:53,5219
365,29-10-2022 03:27,55178
365,29-10-2022 12:19,43584
365,29-10-2022 14:13,130759
365,29-10-2022 14:56,184952
365,30-10-2022 12:23,51191
365,31-10-2022 00:24,143584
365,31-10-2022 09:33,102442
369,08-10-2022 03:25,259666
369,14-10-2022 05:27,32000
369,15-10-2022 16:11,200343
369,17-10-2022 21:56,150000
369,19-10-2022 22:12,127000
369,22-10-2022 02:11,258428
369,23-10-2022 22:31,200000
369,26-10-2022 20:37,200343
369,31-10-2022 05:11,158428
370,02-10-2022 02:26,39347
370,03-10-2022 02:01,800
370,14-10-2022 00:40,20000
370,24-10-2022 15:28,21606
370,28-10-2022 19:08,1200
371,06-10-2022 19:27,9900
372,06-10-2022 03:51,10000
372,15-10-2022 14:56,4000
372,17-10-2022 11:47,36000
372,24-10-2022 12:13,7500
372,25-10-2022 21:50,8000
372,26-10-2022 13:08,20000
373,09-10-2022 19:28,10100
373,11-10-2022 06:57,7500
373,12-10-2022 13:18,20000
373,14-10-2022 13:51,30000
373,18-10-2022 20:36,5900
373,19-10-2022 22:24,9000
373,22-10-2022 13:08,15000
373,23-10-2022 05:48,10000
373,30-10-2022 00:14,32000
373,31-10-2022 01:50,11600
375,21-10-2022 15:28,10000
377,04-10-2022 03:21,11400
377,05-10-2022 17:07,5000
377,10-10-2022 08:27,15000
377,10-10-2022 17:23,15000
377,11-10-2022 13:24,3850
377,15-10-2022 23:43,7000
377,16-10-2022 21:13,16963
377,18-10-2022 05:24,20826
377,19-10-2022 19:03,6571
377,24-10-2022 01:29,12500
377,25-10-2022 07:20,11000
377,26-10-2022 08:40,11219
377,27-10-2022 17:11,3000
377,28-10-2022 02:52,15000
377,30-10-2022 23:28,8500
377,31-10-2022 15:52,7669
378,09-10-2022 04:06,3000
378,17-10-2022 19:37,5000
378,21-10-2022 03:03,2000
380,01-10-2022 18:15,7000
380,03-10-2022 11:51,5000
380,03-10-2022 22:01,3500
380,04-10-2022 09:36,10000
380,06-10-2022 04:03,1600
380,06-10-2022 08:29,400
380,08-10-2022 09:03,7000
380,10-10-2022 23:20,7000
380,13-10-2022 00:55,5000
380,14-10-2022 05:23,5000
380,15-10-2022 22:16,500
380,16-10-2022 07:13,12000
380,19-10-2022 15:18,4000
380,26-10-2022 08:54,7000
380,26-10-2022 14:20,4000
380,26-10-2022 20:55,7000
381,18-10-2022 10:03,2000
383,13-10-2022 04:04,5000
383,22-10-2022 09:56,12269
383,28-10-2022 05:30,5000
383,28-10-2022 18:23,10000
384,09-10-2022 15:25,3500
389,18-10-2022 10:25,37500
389,31-10-2022 23:56,14481
390,01-10-2022 04:38,5000
390,07-10-2022 04:33,3000
390,10-10-2022 02:07,20000
390,10-10-2022 19:19,19000
390,12-10-2022 09:36,5000
390,13-10-2022 22:13,22000
390,23-10-2022 15:37,20000
390,24-10-2022 07:51,1000
390,31-10-2022 04:17,22000
390,31-10-2022 12:19,20000
393,18-10-2022 16:56,4000
393,29-10-2022 08:31,3000
396,02-10-2022 07:32,3955
397,02-10-2022 20:31,1000
397,10-10-2022 08:50,1500
400,17-10-2022 22:14,90000
400,26-10-2022 04:15,16000
401,11-10-2022 11:09,8000
401,27-10-2022 21:33,15000
402,24-10-2022 04:03,20000
402,26-10-2022 16:27,12280
403,02-10-2022 07:36,10000
403,14-10-2022 21:45,15000
405,27-10-2022 18:51,16229
407,01-10-2022 09:03,9000
407,04-10-2022 00:40,7500
407,07-10-2022 02:45,7500
407,07-10-2022 15:05,5000
407,08-10-2022 02:06,4000
407,08-10-2022 02:47,20000
407,09-10-2022 23:56,4000
407,10-10-2022 10:18,2600
407,11-10-2022 00:11,15000
407,16-10-2022 06:19,3700
407,16-10-2022 16:41,3000
407,16-10-2022 17:06,5000
407,16-10-2022 23:06,2300
407,17-10-2022 13:58,1000
407,18-10-2022 08:01,9000
407,19-10-2022 07:45,5200
407,21-10-2022 23:47,7500
407,23-10-2022 10:36,3000
407,23-10-2022 20:13,5000
407,24-10-2022 21:47,10000
407,25-10-2022 23:06,9000
407,26-10-2022 20:28,6000
407,28-10-2022 02:07,4000
407,29-10-2022 13:45,10500
407,29-10-2022 14:11,2500
407,30-10-2022 02:10,4300
407,30-10-2022 02:44,50000
407,31-10-2022 23:51,3000
408,09-10-2022 22:39,19000
408,12-10-2022 22:09,25000
409,04-10-2022 04:49,13926
409,17-10-2022 02:12,3783
411,11-10-2022 21:11,290000
412,01-10-2022 13:27,1700
412,04-10-2022 05:03,3300
412,05-10-2022 04:50,3500
412,07-10-2022 04:02,1700
412,09-10-2022 04:14,4200
412,09-10-2022 13:35,2000
412,10-10-2022 06:34,1400
412,12-10-2022 09:24,2300
412,13-10-2022 00:58,4000
412,13-10-2022 01:49,2700
412,14-10-2022 02:45,2000
412,14-10-2022 12:02,4300
412,16-10-2022 01:47,2000
412,19-10-2022 05:35,4000
412,19-10-2022 07:23,800
412,21-10-2022 03:15,3500
412,21-10-2022 14:30,700
412,22-10-2022 14:48,2800
412,22-10-2022 21:54,1000
412,23-10-2022 07:52,2200
412,25-10-2022 18:13,2800
412,26-10-2022 07:12,3800
412,27-10-2022 20:56,1200
412,29-10-2022 06:07,1600
412,29-10-2022 15:03,800
412,29-10-2022 16:29,3000
412,29-10-2022 18:24,1000
412,30-10-2022 06:48,2200
412,31-10-2022 11:59,2000
413,19-10-2022 06:18,1500
415,06-10-2022 11:09,92718
415,09-10-2022 16:04,700000
415,11-10-2022 08:07,68361
415,18-10-2022 17:48,18361
415,19-10-2022 00:46,804021
415,28-10-2022 17:46,76382
417,01-10-2022 03:33,2750
417,04-10-2022 12:44,11000
417,05-10-2022 00:26,2700
417,06-10-2022 11:11,15000
417,15-10-2022 06:50,4000
417,18-10-2022 04:00,5650
417,22-10-2022 15:23,7500
417,23-10-2022 09:11,7500
418,08-10-2022 13:21,20000
418,26-10-2022 08:06,20000
419,28-10-2022 09:33,25000
419,31-10-2022 11:24,20000
420,03-10-2022 14:39,1940
420,18-10-2022 13:36,1000
420,22-10-2022 17:16,1973
420,27-10-2022 02:18,3506
420,31-10-2022 04:34,639
421,01-10-2022 08:30,7000
421,01-10-2022 09:50,12200
421,01-10-2022 12:13,7800
421,02-10-2022 15:44,10600
421,02-10-2022 17:11,18200
421,02-10-2022 18:17,30000
421,02-10-2022 23:34,37300
421,03-10-2022 11:09,12900
421,03-10-2022 12:20,5200
421,03-10-2022 14:03,3100
421,03-10-2022 18:39,17100
421,04-10-2022 00:47,16000
421,04-10-2022 02:37,4800
421,05-10-2022 01:49,15000
421,05-10-2022 02:34,8400
421,05-10-2022 05:51,5100
421,05-10-2022 13:19,11900
421,05-10-2022 14:13,14600
421,06-10-2022 14:46,20000
421,06-10-2022 21:14,12000
421,07-10-2022 22:53,14800
421,08-10-2022 04:23,10000
421,08-10-2022 04:46,6500
421,08-10-2022 11:10,17500
421,08-10-2022 14:33,21000
421,09-10-2022 03:00,6200
421,09-10-2022 09:07,22100
421,09-10-2022 17:36,27500
421,09-10-2022 18:56,3200
421,10-10-2022 01:21,15100
421,10-10-2022 02:00,5700
421,10-10-2022 08:23,20500
421,11-10-2022 07:51,5100
421,11-10-2022 11:35,10000
421,11-10-2022 18:20,6600
421,12-10-2022 10:13,4600
421,12-10-2022 18:39,20000
421,13-10-2022 14:59,8200
421,14-10-2022 00:52,37100
421,15-10-2022 03:22,23600
421,15-10-2022 19:54,6900
421,16-10-2022 01:18,10000
421,16-10-2022 10:03,7700
421,16-10-2022 20:25,1700
421,18-10-2022 02:49,13100
421,18-10-2022 06:40,40000
421,19-10-2022 02:51,10000
421,19-10-2022 04:17,20000
421,20-10-2022 03:42,9600
421,20-10-2022 13:03,5000
421,20-10-2022 19:46,6700
421,21-10-2022 18:25,16300
421,21-10-2022 20:00,23400
421,22-10-2022 04:21,28600
421,22-10-2022 13:32,40000
421,22-10-2022 14:33,34000
421,23-10-2022 11:50,4800
421,23-10-2022 12:55,2300
421,24-10-2022 05:00,50000
421,24-10-2022 17:24,61800
421,24-10-2022 21:18,11400
421,24-10-2022 23:53,13300
421,25-10-2022 03:20,6500
421,25-10-2022 08:09,21100
421,25-10-2022 10:40,30000
421,25-10-2022 18:36,10000
421,26-10-2022 11:39,5500
421,27-10-2022 07:36,27600
421,27-10-2022 16:15,5799
421,27-10-2022 17:28,2800
421,28-10-2022 02:28,5100
421,28-10-2022 04:07,14300
421,29-10-2022 00:22,64400
421,29-10-2022 02:28,11200
421,29-10-2022 19:34,11800
421,30-10-2022 03:40,10000
421,30-10-2022 04:23,8000
421,30-10-2022 10:17,6600
421,30-10-2022 18:51,6200
421,30-10-2022 19:24,10000
421,30-10-2022 19:40,510
421,31-10-2022 03:51,5700
421,31-10-2022 07:15,10000
421,31-10-2022 10:28,25600
422,01-10-2022 06:05,22000
422,01-10-2022 21:53,25000
422,04-10-2022 03:07,15000
422,06-10-2022 10:04,30000
422,10-10-2022 02:16,14800
422,10-10-2022 04:19,10000
422,10-10-2022 19:21,10000
422,11-10-2022 21:29,5000
422,13-10-2022 01:51,10000
422,14-10-2022 00:57,1000
422,16-10-2022 04:30,4800
422,16-10-2022 20:47,15000
422,30-10-2022 00:25,35000
422,30-10-2022 15:49,11800
422,30-10-2022 23:12,5900
422,31-10-2022 14:02,15500
428,17-10-2022 01:39,2900
428,25-10-2022 19:59,2500
430,02-10-2022 06:38,10000
430,26-10-2022 00:49,11000
430,26-10-2022 07:25,9000
433,01-10-2022 22:38,100000
433,28-10-2022 21:52,25000
433,31-10-2022 11:33,25000
435,02-10-2022 09:11,1600
435,07-10-2022 02:36,1300
435,09-10-2022 01:00,2100
435,09-10-2022 10:58,500
435,12-10-2022 11:54,1400
435,12-10-2022 14:07,1200
435,15-10-2022 06:07,1000
435,19-10-2022 05:10,1100
435,25-10-2022 02:23,1500
435,25-10-2022 19:02,2100
437,04-10-2022 21:29,47147
438,08-10-2022 13:29,594851
439,16-10-2022 00:54,72972
439,20-10-2022 11:10,19750
439,21-10-2022 02:25,12263
439,25-10-2022 00:16,56972
440,01-10-2022 10:03,3300
440,08-10-2022 05:10,1200
440,08-10-2022 22:32,2000
440,09-10-2022 05:37,5000
440,10-10-2022 15:06,2200
440,15-10-2022 23:54,8600
440,23-10-2022 04:04,2300
440,25-10-2022 12:40,5000
440,26-10-2022 12:50,1000
441,14-10-2022 03:11,11000
441,14-10-2022 13:33,12000
441,17-10-2022 21:23,15000
441,18-10-2022 00:19,10000
441,19-10-2022 16:27,19000
441,21-10-2022 00:32,24000
441,23-10-2022 04:06,15000
442,06-10-2022 00:20,25000
442,09-10-2022 10:39,21308
445,12-10-2022 10:55,6054
445,12-10-2022 18:38,6800
445,18-10-2022 08:58,4900
446,04-10-2022 07:00,22612
446,21-10-2022 02:27,10561
446,25-10-2022 12:00,15479
446,30-10-2022 19:51,49656
448,02-10-2022 03:17,6000
448,03-10-2022 08:00,9500
448,03-10-2022 10:12,8000
448,03-10-2022 14:20,11000
448,05-10-2022 13:39,7000
448,09-10-2022 14:49,16000
448,09-10-2022 21:38,13600
448,10-10-2022 04:08,37000
448,10-10-2022 09:38,38200
448,12-10-2022 00:46,39000
448,12-10-2022 12:14,20000
448,17-10-2022 20:15,6200
448,17-10-2022 23:54,4000
448,18-10-2022 21:43,8800
448,18-10-2022 23:41,5799
448,21-10-2022 11:01,17600
448,22-10-2022 08:22,31200
448,22-10-2022 22:44,33000
448,23-10-2022 22:17,6800
448,24-10-2022 10:40,7500
448,24-10-2022 18:20,25500
448,24-10-2022 18:48,10500
448,25-10-2022 00:30,6000
448,25-10-2022 14:12,17300
448,26-10-2022 02:51,5500
448,30-10-2022 06:21,6600
448,30-10-2022 15:54,10000
449,03-10-2022 10:37,30281
449,08-10-2022 20:54,30476
449,13-10-2022 19:11,16159
449,24-10-2022 04:59,29237
450,18-10-2022 04:29,36000
453,15-10-2022 03:39,5448
454,08-10-2022 06:22,10000
456,04-10-2022 17:12,65000
457,17-10-2022 20:47,2153
459,03-10-2022 20:39,5574
460,10-10-2022 22:38,138000
460,18-10-2022 08:03,67000
461,01-10-2022 01:17,9800
461,02-10-2022 21:31,9000
461,04-10-2022 02:19,2000
461,12-10-2022 06:33,6000
461,23-10-2022 20:59,6000
463,24-10-2022 23:21,1000
464,01-10-2022 10:11,48600
464,07-10-2022 12:10,108961
464,09-10-2022 12:17,144162
464,10-10-2022 10:36,13000
464,14-10-2022 11:07,116790
464,18-10-2022 23:17,78000
464,21-10-2022 05:16,10500
464,22-10-2022 16:47,128600
467,03-10-2022 16:38,40000
467,15-10-2022 14:39,28000
468,12-10-2022 14:08,14000
468,13-10-2022 21:03,5000
468,14-10-2022 21:13,5000
468,16-10-2022 18:09,7500
468,25-10-2022 08:05,20000
468,25-10-2022 09:52,8000
468,30-10-2022 22:52,15000
470,09-10-2022 14:30,3541
471,01-10-2022 02:00,25000
471,01-10-2022 12:33,17015
471,01-10-2022 18:05,250
471,04-10-2022 14:05,36462
471,07-10-2022 12:03,26000
471,09-10-2022 15:37,36000
471,11-10-2022 14:54,9404
471,16-10-2022 19:17,21774
471,18-10-2022 21:23,30000
471,19-10-2022 06:01,10207
471,19-10-2022 14:41,3082
471,20-10-2022 06:56,76000
471,21-10-2022 01:30,34410
471,21-10-2022 19:56,36000
471,22-10-2022 13:16,35855
471,22-10-2022 14:10,14157
471,26-10-2022 05:22,20000
471,30-10-2022 09:57,30000
471,30-10-2022 20:18,15000
472,16-10-2022 01:51,200
472,31-10-2022 18:10,500
473,02-10-2022 16:32,1500
473,06-10-2022 22:15,5000
473,18-10-2022 03:50,2000
473,19-10-2022 00:15,3000
473,19-10-2022 17:23,4500
473,21-10-2022 12:39,5100
473,24-10-2022 16:18,35000
473,27-10-2022 22:59,24230
473,31-10-2022 19:05,40000
474,01-10-2022 13:46,24000
474,01-10-2022 23:41,6000
474,06-10-2022 02:31,9000
474,06-10-2022 18:31,14000
474,07-10-2022 12:07,10000
474,07-10-2022 22:36,39000
474,08-10-2022 08:59,6000
474,10-10-2022 16:05,4000
474,11-10-2022 16:56,41000
474,13-10-2022 08:16,4000
474,17-10-2022 14:30,16000
474,18-10-2022 21:27,6000
474,19-10-2022 06:53,20000
474,20-10-2022 00:47,10000
474,20-10-2022 06:22,6000
474,22-10-2022 20:05,10000
474,23-10-2022 15:12,6000
474,25-10-2022 14:30,34000
474,29-10-2022 18:29,6000
474,29-10-2022 23:03,6000
474,30-10-2022 06:36,4000
476,09-10-2022 00:30,35000
477,09-10-2022 19:59,20000
477,17-10-2022 22:19,2000
477,28-10-2022 06:28,10000
477,30-10-2022 04:36,9900
478,03-10-2022 12:01,1483
478,04-10-2022 20:35,1409
480,01-10-2022 03:45,3887
480,09-10-2022 15:10,4330
483,01-10-2022 20:04,8050
483,10-10-2022 15:43,2903
483,15-10-2022 16:59,3897
483,29-10-2022 04:50,1000
485,24-10-2022 01:16,10000
487,02-10-2022 05:35,30000
487,18-10-2022 02:14,24000
487,19-10-2022 09:02,27000
487,26-10-2022 05:16,24000
488,06-10-2022 12:13,21900
488,15-10-2022 09:54,30000
493,12-10-2022 00:52,68500
493,31-10-2022 14:39,24100
496,07-10-2022 11:03,8261
496,29-10-2022 18:30,1738
497,02-10-2022 19:37,10000
497,03-10-2022 04:12,17500
497,04-10-2022 13:19,13569
497,07-10-2022 04:55,10698
497,10-10-2022 13:07,15793
497,10-10-2022 18:28,17374
497,14-10-2022 07:31,16671
497,16-10-2022 12:33,20000
497,19-10-2022 16:53,14584
497,19-10-2022 23:10,2000
497,20-10-2022 07:27,13537
497,30-10-2022 20:55,1958
499,30-10-2022 02:40,500
500,18-10-2022 16:06,3000
502,01-10-2022 12:41,500
502,02-10-2022 07:55,16538
502,04-10-2022 02:35,9969
502,04-10-2022 09:01,6150
502,04-10-2022 17:29,10100
502,05-10-2022 08:52,12826
502,09-10-2022 04:53,7300
502,09-10-2022 05:50,6000
502,10-10-2022 04:11,6114
502,11-10-2022 23:32,6050
502,13-10-2022 08:03,15532
502,17-10-2022 02:07,350
502,17-10-2022 03:23,11000
502,17-10-2022 06:17,11397
502,18-10-2022 03:00,5335
502,20-10-2022 01:36,4600
502,20-10-2022 03:32,13484
502,20-10-2022 19:45,7100
502,22-10-2022 10:28,6200
502,22-10-2022 17:26,3300
502,24-10-2022 09:38,5750
502,24-10-2022 12:41,2000
502,25-10-2022 00:13,9176
502,25-10-2022 06:50,14038
502,26-10-2022 16:08,9035
502,27-10-2022 16:40,15134
502,28-10-2022 10:27,6123
502,29-10-2022 07:29,1650
502,29-10-2022 19:23,6100
502,30-10-2022 23:29,6200
502,30-10-2022 23:41,11176
502,31-10-2022 05:28,11249
502,31-10-2022 12:55,8760
504,24-10-2022 01:02,168000
505,03-10-2022 03:13,5000
505,08-10-2022 01:09,123
506,01-10-2022 05:48,6000
508,01-10-2022 18:21,20000
508,02-10-2022 19:10,30000
508,03-10-2022 02:02,15000
508,06-10-2022 13:37,24000
508,08-10-2022 01:11,25000
508,08-10-2022 21:14,35000
508,10-10-2022 15:58,50000
508,12-10-2022 17:02,12000
508,14-10-2022 11:12,30000
508,15-10-2022 01:33,10000
508,16-10-2022 04:54,10000
508,17-10-2022 15:12,20000
508,22-10-2022 01:28,14000
508,22-10-2022 14:04,22000
508,23-10-2022 22:13,20000
508,28-10-2022 19:07,20000
508,31-10-2022 16:48,20000
509,01-10-2022 20:34,173
509,08-10-2022 18:23,10000
509,10-10-2022 09:21,5000
509,13-10-2022 20:20,3449
509,15-10-2022 18:12,6000
509,15-10-2022 21:12,7000
509,16-10-2022 13:19,13849
509,17-10-2022 05:13,17976
509,19-10-2022 18:09,3000
509,20-10-2022 23:02,4488
509,21-10-2022 11:17,279
509,23-10-2022 08:34,11000
509,25-10-2022 12:42,3000
509,26-10-2022 03:46,3000
514,01-10-2022 17:12,7000
515,02-10-2022 16:25,15000
515,06-10-2022 07:41,40000
515,07-10-2022 04:47,100000
515,12-10-2022 03:49,85000
515,17-10-2022 03:39,125000
515,23-10-2022 15:06,35000
516,05-10-2022 00:14,3000
516,06-10-2022 17:53,11000
516,31-10-2022 20:53,2000
517,02-10-2022 11:46,8700
517,02-10-2022 21:36,7774
517,05-10-2022 15:26,11000
517,06-10-2022 02:01,12016
517,07-10-2022 06:33,9269
517,11-10-2022 08:54,10769
517,12-10-2022 18:09,12016
517,15-10-2022 04:57,7000
517,18-10-2022 14:10,12000
517,18-10-2022 18:02,10000
518,01-10-2022 21:46,1650
518,02-10-2022 08:38,150
518,02-10-2022 10:06,5500
518,04-10-2022 03:54,400
518,04-10-2022 13:30,5300
518,06-10-2022 11:01,6000
518,06-10-2022 16:31,1260
518,06-10-2022 17:02,260
518,07-10-2022 07:19,5700
518,07-10-2022 17:39,5000
518,07-10-2022 23:14,1500
518,08-10-2022 03:41,1420
518,08-10-2022 08:28,360
518,10-10-2022 21:56,6400
518,11-10-2022 02:29,1400
518,11-10-2022 07:11,125
518,12-10-2022 00:24,100
518,12-10-2022 08:18,500
518,13-10-2022 04:12,1400
518,13-10-2022 16:18,1828
518,13-10-2022 20:20,3000
518,14-10-2022 11:36,1550
518,15-10-2022 09:08,5000
518,17-10-2022 14:41,1200
518,17-10-2022 16:32,7200
518,17-10-2022 17:24,6000
518,18-10-2022 09:40,1900
518,18-10-2022 17:54,1000
518,20-10-2022 23:26,170
518,21-10-2022 16:43,1100
518,22-10-2022 04:52,4000
518,22-10-2022 22:48,800
518,22-10-2022 23:01,1440
518,23-10-2022 02:39,2000
518,23-10-2022 10:42,5500
518,24-10-2022 09:33,1240
518,25-10-2022 10:09,300
518,26-10-2022 07:43,6300
518,26-10-2022 10:25,1375
518,27-10-2022 06:43,1700
518,29-10-2022 03:45,1790
518,29-10-2022 13:54,500
518,30-10-2022 23:24,1500
518,31-10-2022 16:12,160
521,10-10-2022 11:07,7500
521,13-10-2022 18:15,10000
521,30-10-2022 05:38,5000
523,03-10-2022 21:14,9200
523,05-10-2022 09:08,25000
523,05-10-2022 23:56,19949
523,21-10-2022 00:57,19500
530,01-10-2022 01:32,16000
530,07-10-2022 03:59,2500
530,19-10-2022 01:53,21000
532,15-10-2022 07:03,9999
532,16-10-2022 17:59,9999
532,18-10-2022 07:41,4000
532,22-10-2022 06:01,2500
532,23-10-2022 04:43,7000
532,25-10-2022 16:36,5500
532,27-10-2022 17:27,7500
532,30-10-2022 22:02,3500
536,03-10-2022 09:11,4128
536,05-10-2022 21:56,4056
536,10-10-2022 07:44,1100
536,10-10-2022 10:19,4300
536,13-10-2022 02:00,3800
536,13-10-2022 16:41,4120
536,17-10-2022 17:23,3713
536,17-10-2022 18:32,564
536,19-10-2022 02:42,4400
536,22-10-2022 08:50,4193
536,23-10-2022 21:18,2967
536,24-10-2022 16:53,3299
536,25-10-2022 15:40,4000
536,30-10-2022 13:33,4100
537,13-10-2022 21:51,40000
538,13-10-2022 11:58,8558
539,22-10-2022 09:55,107000
540,01-10-2022 18:33,75000
540,15-10-2022 00:40,33069
540,15-10-2022 14:46,150500
540,17-10-2022 18:58,10000
540,26-10-2022 08:13,30000
540,31-10-2022 02:44,85000
541,01-10-2022 08:01,3700
541,03-10-2022 03:10,6000
541,07-10-2022 20:03,9800
541,09-10-2022 00:57,1000
541,10-10-2022 16:32,1000
541,21-10-2022 12:29,6000
541,30-10-2022 21:13,1000
541,31-10-2022 21:48,2200
542,02-10-2022 09:09,6000
542,03-10-2022 00:27,204305
542,11-10-2022 14:31,150
542,26-10-2022 12:39,6000
542,27-10-2022 20:24,6000
542,29-10-2022 07:28,4250
542,30-10-2022 18:50,4000
547,05-10-2022 18:46,20000
547,07-10-2022 16:59,7966
547,08-10-2022 07:15,27000
547,08-10-2022 23:55,6771
547,09-10-2022 01:37,36921
547,10-10-2022 16:13,4000
547,20-10-2022 15:33,30000
547,21-10-2022 12:39,6406
547,21-10-2022 18:14,3500
547,23-10-2022 17:26,5000
547,24-10-2022 11:05,7610
547,24-10-2022 12:05,33651
547,27-10-2022 09:23,37038
547,30-10-2022 14:36,20000
548,03-10-2022 03:28,200
548,04-10-2022 10:57,900
548,06-10-2022 11:18,100
548,07-10-2022 19:45,500
548,10-10-2022 19:28,1000
548,10-10-2022 23:48,700
548,15-10-2022 05:28,2200
548,15-10-2022 23:02,1000
548,20-10-2022 07:25,600
548,23-10-2022 14:59,300
548,23-10-2022 18:42,1400
548,27-10-2022 11:04,700
548,28-10-2022 06:06,250
548,28-10-2022 13:44,400
549,09-10-2022 03:03,13213
550,18-10-2022 17:11,5000
550,23-10-2022 17:12,7500
550,31-10-2022 16:57,10000
553,03-10-2022 08:15,20000
553,05-10-2022 16:42,3000
553,06-10-2022 00:34,4000
553,06-10-2022 03:44,5000
553,10-10-2022 10:53,6000
553,13-10-2022 19:50,9000
553,18-10-2022 03:11,8500
553,30-10-2022 04:25,11000
553,30-10-2022 20:49,5000
554,17-10-2022 07:25,9000
554,24-10-2022 14:51,8000
554,25-10-2022 11:00,3852
554,29-10-2022 17:57,4000
555,14-10-2022 19:48,11000
557,27-10-2022 10:57,10000
558,03-10-2022 19:38,2788
558,03-10-2022 23:38,2000
558,08-10-2022 23:00,582
558,17-10-2022 16:49,2582
558,20-10-2022 10:12,2100
558,25-10-2022 05:54,1200
558,25-10-2022 10:17,1000
558,26-10-2022 03:39,2000
559,05-10-2022 13:52,5990
559,11-10-2022 09:36,80000
559,11-10-2022 21:48,3000
559,13-10-2022 07:33,20000
559,20-10-2022 18:21,18000
559,22-10-2022 15:29,20000
559,23-10-2022 08:43,5000
559,24-10-2022 16:50,10000
559,26-10-2022 04:54,48000
559,28-10-2022 14:00,4000
559,31-10-2022 06:18,20000
559,31-10-2022 23:27,5000
560,02-10-2022 02:07,7797
560,29-10-2022 22:46,7797
562,08-10-2022 01:25,10000
564,14-10-2022 03:49,10843
564,23-10-2022 06:47,7000
564,26-10-2022 00:22,2000
565,01-10-2022 18:44,200
565,01-10-2022 22:27,2492
565,04-10-2022 03:13,1000
565,04-10-2022 16:03,270
565,06-10-2022 05:05,2300
565,07-10-2022 04:56,20000
565,07-10-2022 05:44,1500
565,09-10-2022 12:04,1500
565,10-10-2022 17:18,650
565,10-10-2022 20:36,20000
565,10-10-2022 20:52,2000
565,11-10-2022 16:34,125
565,12-10-2022 07:57,600
565,14-10-2022 18:41,4188
565,16-10-2022 02:26,1878
565,16-10-2022 13:46,4536
565,17-10-2022 15:39,2650
565,17-10-2022 17:47,4945
565,18-10-2022 05:45,17000
565,20-10-2022 03:25,39231
565,20-10-2022 05:22,30000
565,20-10-2022 23:18,2000
565,21-10-2022 00:17,4945
565,21-10-2022 21:11,3150
565,22-10-2022 18:10,2000
565,24-10-2022 17:12,10000
565,28-10-2022 01:44,3920
565,28-10-2022 12:08,39000
565,28-10-2022 20:35,286
565,29-10-2022 06:38,290
565,30-10-2022 16:48,30000
565,30-10-2022 22:30,35000
565,31-10-2022 13:07,30000
565,31-10-2022 16:50,280
566,02-10-2022 09:03,180041
566,05-10-2022 12:30,3000
566,19-10-2022 14:32,2030
567,08-10-2022 06:18,7995
567,13-10-2022 21:02,4266
567,16-10-2022 14:45,6421
567,22-10-2022 08:32,8661
567,22-10-2022 15:46,9200
570,16-10-2022 09:00,19000
571,14-10-2022 20:48,7398
571,15-10-2022 22:05,9300
571,22-10-2022 07:23,6600
571,26-10-2022 10:37,5398
571,29-10-2022 15:21,7567
572,18-10-2022 12:59,2700
574,02-10-2022 07:56,9000
574,04-10-2022 02:12,12100
574,11-10-2022 07:48,11600
574,15-10-2022 17:50,21500
577,15-10-2022 02:01,19895
580,07-10-2022 00:28,3878
580,11-10-2022 19:43,8225
580,19-10-2022 20:28,7914
580,27-10-2022 23:21,4000
581,09-10-2022 23:55,12646
581,11-10-2022 19:22,54285
581,31-10-2022 01:23,34243
583,07-10-2022 05:32,20000
583,11-10-2022 00:28,4000
583,27-10-2022 03:37,1715
583,29-10-2022 07:33,12000
586,08-10-2022 05:03,9500
586,16-10-2022 03:59,7500
586,19-10-2022 23:38,10000
587,03-10-2022 14:08,180000
587,04-10-2022 05:59,200000
587,04-10-2022 15:48,150000
587,05-10-2022 08:50,280000
587,07-10-2022 23:24,90000
587,11-10-2022 03:14,160000
587,26-10-2022 22:58,135000
587,30-10-2022 01:13,160000
588,06-10-2022 15:33,15000
592,26-10-2022 07:53,2211
592,30-10-2022 10:44,1597
594,27-10-2022 15:29,2950
597,06-10-2022 22:31,18375
597,12-10-2022 16:48,1975
597,15-10-2022 14:55,1411
597,21-10-2022 18:39,1700
597,22-10-2022 18:32,500
597,23-10-2022 10:54,502
597,25-10-2022 19:45,758
598,01-10-2022 08:57,12000
598,04-10-2022 13:55,11500
598,05-10-2022 01:30,3200
599,01-10-2022 10:40,13144
599,03-10-2022 20:57,22400
599,11-10-2022 05:58,8800
599,14-10-2022 21:31,15000
599,15-10-2022 02:26,9350
599,15-10-2022 02:50,7670
599,19-10-2022 22:56,12700
599,20-10-2022 03:13,22200
599,26-10-2022 08:01,10502
599,27-10-2022 04:51,13000
599,28-10-2022 00:44,15000
599,29-10-2022 08:18,20000
599,31-10-2022 20:53,5922
601,10-10-2022 08:03,240000
602,02-10-2022 04:41,7028
602,07-10-2022 17:21,67707
602,16-10-2022 00:48,34046
602,18-10-2022 04:39,17091
602,23-10-2022 11:49,38220
602,24-10-2022 23:11,7500
602,26-10-2022 15:11,25000
602,28-10-2022 22:27,20149
602,28-10-2022 23:56,16013
604,03-10-2022 22:17,4000
604,10-10-2022 11:51,5000
604,26-10-2022 21:59,5000
611,16-10-2022 06:46,4400
612,10-10-2022 10:57,10000
612,13-10-2022 09:56,7175
612,13-10-2022 10:15,10000
612,17-10-2022 08:37,30000
612,18-10-2022 07:08,4000
612,21-10-2022 15:24,5019
612,24-10-2022 19:32,40000
612,31-10-2022 10:56,2887
613,20-10-2022 01:52,6735
614,04-10-2022 02:35,3000
615,04-10-2022 10:11,500
615,13-10-2022 13:20,1000
615,13-10-2022 13:35,1000
615,17-10-2022 15:28,1254
615,21-10-2022 06:08,1000
615,23-10-2022 12:23,1000
616,20-10-2022 15:46,7000
618,04-10-2022 13:39,8000
618,11-10-2022 22:47,15000
618,16-10-2022 16:58,15500
618,26-10-2022 09:08,10000
618,28-10-2022 05:40,10000
620,19-10-2022 12:51,6000
625,01-10-2022 07:52,21700
625,02-10-2022 06:45,17000
625,02-10-2022 13:25,14249
625,03-10-2022 02:29,9000
625,07-10-2022 17:51,20000
625,08-10-2022 23:11,11422
625,09-10-2022 06:37,16406
625,10-10-2022 09:50,30000
625,11-10-2022 05:29,39000
625,12-10-2022 23:03,15000
625,14-10-2022 01:09,8000
625,14-10-2022 15:10,20800
625,17-10-2022 08:53,12142
625,17-10-2022 10:28,21000
625,17-10-2022 11:29,17500
625,18-10-2022 20:16,10000
625,19-10-2022 02:59,10000
625,20-10-2022 01:05,15500
625,20-10-2022 08:09,19632
625,20-10-2022 23:58,15000
625,25-10-2022 12:50,17356
625,25-10-2022 20:08,12340
625,29-10-2022 05:20,9000
625,30-10-2022 04:04,17500
625,30-10-2022 11:50,13000
625,30-10-2022 12:26,10000
625,30-10-2022 19:44,22971
625,30-10-2022 21:54,23004
627,01-10-2022 23:16,9671
627,06-10-2022 02:50,5000
627,30-10-2022 17:11,5000
628,04-10-2022 00:01,5167
628,05-10-2022 03:16,6500
628,11-10-2022 11:04,9999
628,11-10-2022 15:29,4167
628,19-10-2022 07:43,9700
628,21-10-2022 10:25,3758
628,31-10-2022 02:02,9999
633,01-10-2022 04:05,10000
633,03-10-2022 05:55,5000
633,03-10-2022 10:05,15000
633,09-10-2022 13:31,5098
633,12-10-2022 05:50,5000
633,13-10-2022 00:21,17000
633,20-10-2022 17:19,10000
633,22-10-2022 06:53,19000
633,24-10-2022 02:46,15000
633,25-10-2022 01:54,10000
633,30-10-2022 23:27,14000
633,31-10-2022 20:12,18000
634,01-10-2022 15:53,258533
634,01-10-2022 18:25,295671
634,02-10-2022 02:35,295671
634,02-10-2022 13:59,268616
634,02-10-2022 15:58,124600
634,04-10-2022 00:46,217730
634,04-10-2022 02:34,191564
634,04-10-2022 04:07,259116
634,04-10-2022 16:28,284444
634,05-10-2022 07:58,264565
634,05-10-2022 17:21,173621
634,06-10-2022 04:34,134675
634,09-10-2022 00:58,288756
634,10-10-2022 01:22,259116
634,10-10-2022 02:56,199043
634,10-10-2022 07:41,306329
634,10-10-2022 22:19,268398
634,11-10-2022 05:57,267362
634,11-10-2022 06:27,272398
634,12-10-2022 03:10,163124
634,12-10-2022 20:46,293907
634,13-10-2022 06:21,278369
634,13-10-2022 06:47,129233
634,13-10-2022 22:38,285394
634,14-10-2022 07:55,100000
634,14-10-2022 11:54,202296
634,15-10-2022 06:08,289124
634,15-10-2022 16:09,326204
634,16-10-2022 13:34,298311
634,18-10-2022 00:20,316251
634,18-10-2022 05:08,228369
634,18-10-2022 18:45,150374
634,19-10-2022 13:08,283494
634,20-10-2022 06:07,216530
634,20-10-2022 19:07,173621
634,21-10-2022 11:26,200000
634,21-10-2022 22:17,200000
634,22-10-2022 00:03,208808
634,22-10-2022 12:08,287294
634,22-10-2022 17:11,146238
634,23-10-2022 01:37,227362
634,24-10-2022 04:31,300265
634,24-10-2022 12:05,288756
634,24-10-2022 20:15,227362
634,24-10-2022 20:58,297715
634,25-10-2022 05:29,286344
634,25-10-2022 08:55,298611
634,25-10-2022 10:12,225097
634,25-10-2022 14:24,302547
634,25-10-2022 15:49,206567
634,25-10-2022 19:47,314172
634,26-10-2022 11:29,143432
634,26-10-2022 18:17,227362
634,27-10-2022 04:47,292017
634,27-10-2022 17:01,159011
634,27-10-2022 21:08,195708
634,28-10-2022 09:00,149083
634,28-10-2022 09:57,217730
634,28-10-2022 12:26,163738
634,29-10-2022 09:45,288244
634,30-10-2022 01:46,213268
634,30-10-2022 08:25,272398
634,30-10-2022 14:33,154885
634,30-10-2022 14:52,278949
634,31-10-2022 08:35,159011
634,31-10-2022 11:20,263358
634,31-10-2022 21:04,177564
637,01-10-2022 05:25,1000
637,02-10-2022 00:51,3800
637,08-10-2022 16:43,14000
637,09-10-2022 14:47,13500
637,10-10-2022 15:43,12000
637,10-10-2022 20:53,10500
637,13-10-2022 20:29,5000
637,14-10-2022 01:25,8000
637,14-10-2022 06:34,3400
637,18-10-2022 15:28,7000
637,19-10-2022 07:10,8500
637,21-10-2022 12:21,24500
637,23-10-2022 14:20,2000
637,25-10-2022 11:02,14000
637,26-10-2022 17:39,18000
637,27-10-2022 03:08,12500
637,28-10-2022 07:30,12000
637,29-10-2022 17:08,8500
637,31-10-2022 10:30,12000
639,07-10-2022 14:59,100000
646,07-10-2022 04:13,9668
646,21-10-2022 08:30,32316
648,05-10-2022 11:10,13000
648,06-10-2022 20:25,719
648,17-10-2022 00:31,5500
648,24-10-2022 18:59,7500
648,25-10-2022 21:24,680
648,28-10-2022 21:20,11000
648,31-10-2022 11:17,15000
649,05-10-2022 08:26,1000
649,05-10-2022 16:17,340
649,10-10-2022 05:51,1000
649,11-10-2022 05:43,1500
649,26-10-2022 05:31,2000
649,26-10-2022 10:05,1500
650,25-10-2022 22:47,36714
653,06-10-2022 08:51,24150
653,10-10-2022 05:41,38750
653,11-10-2022 14:36,21000
653,12-10-2022 03:10,17000
653,12-10-2022 15:26,29000
653,20-10-2022 02:45,24000
653,22-10-2022 23:40,17980
653,23-10-2022 08:27,38787
653,23-10-2022 16:33,20400
653,28-10-2022 03:08,30000
653,28-10-2022 21:54,6300
653,30-10-2022 04:39,19800
654,06-10-2022 18:01,188
654,10-10-2022 19:30,5210
654,11-10-2022 02:44,311
654,12-10-2022 01:51,7881
654,14-10-2022 10:12,8255
654,14-10-2022 20:28,6518
654,16-10-2022 05:58,820
654,17-10-2022 12:18,2679
654,23-10-2022 16:25,2062
654,28-10-2022 01:55,1350
654,28-10-2022 20:49,7775
654,29-10-2022 08:44,9211
655,21-10-2022 10:53,3100
657,10-10-2022 20:29,8400
657,14-10-2022 00:10,3595
657,16-10-2022 15:15,3690
657,18-10-2022 06:53,1939
657,20-10-2022 00:56,1000
657,21-10-2022 05:05,4200
659,02-10-2022 22:00,10000
659,04-10-2022 00:01,2800
659,05-10-2022 19:13,15000
659,09-10-2022 19:48,5000
659,14-10-2022 22:34,4000
659,28-10-2022 13:58,5000
660,01-10-2022 22:16,500
660,04-10-2022 09:40,1900
660,10-10-2022 22:51,1000
660,23-10-2022 20:31,800
662,05-10-2022 23:46,3948
662,22-10-2022 02:54,4000
662,31-10-2022 08:13,5000
663,01-10-2022 14:39,10474
663,02-10-2022 01:29,10634
663,02-10-2022 06:24,2803
663,02-10-2022 07:35,2127
663,02-10-2022 20:27,8656
663,03-10-2022 03:02,9048
663,05-10-2022 01:53,6484
663,08-10-2022 02:18,25097
663,08-10-2022 23:49,4635
663,10-10-2022 20:19,2471
663,11-10-2022 04:44,3977
663,11-10-2022 13:02,6536
663,11-10-2022 20:36,11717
663,12-10-2022 02:20,23980
663,14-10-2022 11:44,12023
663,16-10-2022 22:46,1040
663,17-10-2022 22:52,2221
663,19-10-2022 04:31,13213
663,19-10-2022 05:35,106
663,19-10-2022 07:38,977
663,20-10-2022 11:27,17429
663,20-10-2022 20:34,8122
663,22-10-2022 08:21,9080
663,23-10-2022 07:55,7151
663,23-10-2022 09:27,3065
663,23-10-2022 22:44,6512
663,24-10-2022 20:04,168
663,24-10-2022 20:43,2168
663,27-10-2022 01:26,2526
663,27-10-2022 13:17,5722
663,28-10-2022 20:43,11428
663,29-10-2022 12:17,18347
663,30-10-2022 18:48,26805
663,31-10-2022 08:23,7853
663,31-10-2022 22:54,5605
664,06-10-2022 03:09,200
664,07-10-2022 10:23,9500
664,09-10-2022 11:22,4500
664,25-10-2022 10:37,9500
664,28-10-2022 09:56,5000
664,28-10-2022 12:01,4000
664,30-10-2022 17:08,8000
666,01-10-2022 14:28,4000
666,09-10-2022 21:19,3000
666,10-10-2022 13:32,2000
666,13-10-2022 09:01,2000
666,21-10-2022 17:09,6000
666,30-10-2022 04:59,2500
667,01-10-2022 05:51,5289
667,01-10-2022 22:29,4015
667,03-10-2022 18:35,6034
667,09-10-2022 18:19,6072
667,12-10-2022 13:16,3291
667,13-10-2022 14:01,3026
667,17-10-2022 10:43,1578
667,17-10-2022 20:29,9137
667,23-10-2022 00:29,4472
667,29-10-2022 14:03,4394
668,17-10-2022 20:40,55000
668,24-10-2022 22:04,30000
668,27-10-2022 04:17,50000
668,31-10-2022 08:37,30000
670,12-10-2022 18:28,3000
670,26-10-2022 11:02,6000
672,02-10-2022 11:25,60000
672,06-10-2022 14:32,82500
672,08-10-2022 10:27,18750
672,11-10-2022 17:49,22500
672,28-10-2022 00:14,50000
673,14-10-2022 07:06,300
675,28-10-2022 12:04,70000
676,15-10-2022 05:04,9000
677,01-10-2022 06:52,10000
677,15-10-2022 18:35,5000
677,29-10-2022 22:35,14000
677,30-10-2022 01:20,7000
678,24-10-2022 19:47,1100000
679,18-10-2022 20:01,11000
681,01-10-2022 18:40,132000
682,13-10-2022 01:50,121000
684,07-10-2022 03:25,1000
688,02-10-2022 02:09,62366
688,04-10-2022 10:13,31100
688,04-10-2022 23:14,36671
688,06-10-2022 01:46,47800
688,09-10-2022 03:31,57093
688,14-10-2022 16:22,52860
688,17-10-2022 04:24,59727
688,18-10-2022 03:07,47400
688,19-10-2022 16:52,30055
688,20-10-2022 13:20,44300
688,26-10-2022 07:22,67078
688,27-10-2022 09:44,184266
688,29-10-2022 02:14,63645
688,30-10-2022 20:01,183917
688,31-10-2022 14:59,47400
688,31-10-2022 22:30,33600
689,01-10-2022 04:05,200
689,26-10-2022 02:51,1000
689,30-10-2022 11:09,2000
690,31-10-2022 01:22,9500
691,06-10-2022 08:45,5600
691,06-10-2022 09:31,3500
691,10-10-2022 16:10,910
691,13-10-2022 07:14,500
691,13-10-2022 09:37,2500
691,15-10-2022 08:02,5000
691,15-10-2022 18:32,5150
691,18-10-2022 07:35,510
691,19-10-2022 11:10,1600
691,26-10-2022 02:02,600
693,09-10-2022 17:22,42527
693,22-10-2022 09:50,20000
694,06-10-2022 18:14,11981
699,06-10-2022 03:33,20000
699,11-10-2022 00:46,2000
699,13-10-2022 19:59,6500
699,20-10-2022 12:26,3600
699,22-10-2022 14:51,6500
699,25-10-2022 03:16,5000
699,26-10-2022 05:16,6550
699,26-10-2022 07:24,8000
699,26-10-2022 16:19,7460
699,27-10-2022 09:33,6500
707,04-10-2022 19:57,160000
707,23-10-2022 19:12,70000
707,30-10-2022 05:10,12000
709,19-10-2022 21:09,18179
710,05-10-2022 13:57,43000
710,08-10-2022 23:08,29500
713,06-10-2022 00:39,5000
713,07-10-2022 00:45,10000
713,25-10-2022 18:59,22000
713,28-10-2022 08:14,7000
715,25-10-2022 07:10,3000
716,13-10-2022 19:22,6000
716,17-10-2022 04:58,1000
717,15-10-2022 17:26,18000
717,29-10-2022 20:37,24000
720,24-10-2022 03:24,1000
720,25-10-2022 21:48,200
720,27-10-2022 16:07,100
721,18-10-2022 17:14,8000
721,31-10-2022 11:45,10000
723,08-10-2022 00:13,3350
723,10-10-2022 11:16,4600
723,28-10-2022 01:12,4800
725,11-10-2022 06:32,20000
726,15-10-2022 08:13,6000
728,20-10-2022 06:20,1800
728,22-10-2022 21:06,1000
728,30-10-2022 21:52,1800
731,03-10-2022 21:41,12000
731,09-10-2022 07:09,10000
731,09-10-2022 16:50,12000
731,12-10-2022 07:35,10000
731,25-10-2022 19:38,10000
733,01-10-2022 19:08,125
736,24-10-2022 11:45,2260
736,29-10-2022 10:38,9000
739,12-10-2022 09:14,23500
739,15-10-2022 07:27,55000
739,27-10-2022 14:38,23000
740,04-10-2022 22:33,280000
740,12-10-2022 09:35,1200
740,13-10-2022 21:58,47380
740,14-10-2022 09:36,25000
740,17-10-2022 04:18,1400
740,17-10-2022 19:41,8808
740,21-10-2022 11:53,1500
742,13-10-2022 10:05,32000
744,22-10-2022 14:57,4179
745,09-10-2022 03:43,118000
745,09-10-2022 18:56,6000
748,10-10-2022 07:13,40000
748,13-10-2022 01:35,20000
748,30-10-2022 15:22,15000
749,10-10-2022 02:55,10000
749,13-10-2022 14:58,20000
751,08-10-2022 22:56,3850
751,10-10-2022 20:36,1003
751,18-10-2022 12:05,10950
751,19-10-2022 06:13,9500
752,03-10-2022 19:54,5002
752,19-10-2022 02:58,5000
753,12-10-2022 08:32,10000
753,22-10-2022 14:03,22000
754,02-10-2022 21:26,13614
754,02-10-2022 23:01,6117
754,06-10-2022 09:56,1032
754,08-10-2022 09:22,3474
754,09-10-2022 19:17,14922
754,10-10-2022 10:30,686
754,11-10-2022 04:01,3545
754,12-10-2022 05:28,13128
754,12-10-2022 09:44,24558
754,12-10-2022 17:24,14090
754,15-10-2022 14:09,495
754,15-10-2022 19:22,9703
754,16-10-2022 22:47,21297
754,17-10-2022 09:31,536
754,19-10-2022 19:47,7398
754,21-10-2022 20:24,750
754,22-10-2022 02:10,6000
754,23-10-2022 22:28,3183
754,28-10-2022 20:09,3307
754,29-10-2022 03:21,3000
754,31-10-2022 08:46,750
754,31-10-2022 22:29,6474
758,27-10-2022 17:11,6000
758,30-10-2022 15:41,2000
759,05-10-2022 18:58,4000
760,04-10-2022 22:51,4951
760,10-10-2022 05:53,8400
760,11-10-2022 19:24,12250
760,13-10-2022 20:21,22000
760,19-10-2022 04:11,49613
760,25-10-2022 22:49,10700
760,27-10-2022 06:23,10500
760,27-10-2022 07:31,1500
760,27-10-2022 17:44,6300
760,31-10-2022 22:46,25000
762,12-10-2022 06:42,9000
762,16-10-2022 20:59,9988
762,18-10-2022 15:32,12694
762,31-10-2022 02:59,9000
763,01-10-2022 00:40,9473
763,03-10-2022 03:56,7000
763,05-10-2022 09:38,9600
763,08-10-2022 00:30,2753
763,08-10-2022 19:07,1561
763,09-10-2022 00:58,3500
763,11-10-2022 01:15,1500
763,14-10-2022 06:01,4200
763,14-10-2022 22:41,2000
763,15-10-2022 21:56,642
763,26-10-2022 23:38,4000
763,28-10-2022 04:15,1000
763,29-10-2022 15:55,4700
763,30-10-2022 00:00,6900
763,31-10-2022 05:14,9950
765,03-10-2022 10:46,1000
765,15-10-2022 12:21,15000
765,30-10-2022 08:07,15000
766,03-10-2022 21:04,2900
766,06-10-2022 03:54,6500
766,22-10-2022 13:20,2000
766,24-10-2022 21:40,1500
766,27-10-2022 09:17,2300
767,23-10-2022 13:58,12000
772,23-10-2022 05:35,9800
773,04-10-2022 06:06,5065
773,11-10-2022 09:27,8594
773,22-10-2022 19:21,1685
774,01-10-2022 10:36,50000
774,02-10-2022 03:37,66000
774,20-10-2022 01:23,25000
774,25-10-2022 00:24,50000
774,30-10-2022 23:07,95000
774,31-10-2022 19:42,45000
775,01-10-2022 19:38,5000
775,19-10-2022 06:17,5000
776,07-10-2022 21:26,9000
777,05-10-2022 19:54,16000
779,22-10-2022 05:12,47649
784,02-10-2022 03:33,5500
784,03-10-2022 06:53,1500
784,09-10-2022 06:14,1500
784,11-10-2022 15:14,6000
784,13-10-2022 07:27,1200
784,18-10-2022 22:22,2000
784,20-10-2022 14:52,1200
784,24-10-2022 14:08,3000
784,25-10-2022 19:58,4000
784,29-10-2022 04:43,1100
785,09-10-2022 09:14,153000
785,12-10-2022 21:53,155000
785,20-10-2022 02:26,131000
785,22-10-2022 19:20,265000
786,09-10-2022 02:06,67000
786,09-10-2022 14:20,80760
786,12-10-2022 07:13,140000
786,12-10-2022 07:29,80000
786,12-10-2022 16:02,80000
786,16-10-2022 09:00,90000
786,16-10-2022 12:47,120000
786,17-10-2022 06:08,61200
786,22-10-2022 03:12,1500
786,24-10-2022 12:54,180000
786,31-10-2022 14:35,195700
788,06-10-2022 05:09,7602
788,08-10-2022 03:00,35848
788,09-10-2022 02:07,27797
788,12-10-2022 14:52,9144
788,13-10-2022 07:51,30000
788,23-10-2022 14:23,11932
788,25-10-2022 09:47,59990
790,03-10-2022 04:43,5200
790,05-10-2022 17:21,3000
790,06-10-2022 07:51,4000
790,08-10-2022 08:52,3900
790,08-10-2022 08:55,9800
790,10-10-2022 01:50,4500
790,10-10-2022 10:31,4300
790,12-10-2022 14:28,5500
790,13-10-2022 22:36,3700
790,14-10-2022 22:16,2400
790,15-10-2022 00:09,7200
790,16-10-2022 13:46,5800
790,20-10-2022 15:41,8000
790,22-10-2022 16:29,6900
790,24-10-2022 05:05,4800
790,24-10-2022 06:34,6300
790,27-10-2022 00:21,7200
790,27-10-2022 21:15,3300
790,30-10-2022 03:30,2000
790,30-10-2022 05:16,4000
790,31-10-2022 00:09,6400
790,31-10-2022 19:50,9900
792,15-10-2022 01:06,10000
792,15-10-2022 22:39,2511
795,01-10-2022 16:22,5500
795,03-10-2022 19:48,1000
795,03-10-2022 21:10,1800
795,03-10-2022 21:21,15000
795,04-10-2022 05:26,15000
795,04-10-2022 11:42,500
795,04-10-2022 20:48,500
795,04-10-2022 21:21,1500
795,05-10-2022 03:50,1300
795,05-10-2022 06:28,7984
795,05-10-2022 16:03,4000
795,05-10-2022 19:53,2500
795,07-10-2022 03:36,9000
795,07-10-2022 12:46,1500
795,07-10-2022 21:16,2000
795,08-10-2022 09:20,4000
795,09-10-2022 11:35,2500
795,09-10-2022 16:45,2000
795,10-10-2022 00:59,1000
795,10-10-2022 11:26,5000
795,11-10-2022 04:47,2000
795,11-10-2022 13:07,6000
795,12-10-2022 01:59,2600
795,12-10-2022 10:39,4000
795,12-10-2022 23:17,1500
795,14-10-2022 11:08,4000
795,14-10-2022 11:09,500
795,14-10-2022 22:19,1000
795,15-10-2022 01:15,8000
795,15-10-2022 07:32,12000
795,16-10-2022 19:44,3022
795,16-10-2022 22:52,7900
795,17-10-2022 15:59,8000
795,17-10-2022 18:25,2267
795,19-10-2022 09:48,9000
795,19-10-2022 16:39,8000
795,20-10-2022 14:35,2000
795,21-10-2022 02:54,14000
795,22-10-2022 09:31,8000
795,22-10-2022 12:33,4000
795,23-10-2022 18:09,11000
795,24-10-2022 08:44,10000
795,24-10-2022 21:43,2500
795,27-10-2022 12:53,3574
795,27-10-2022 14:20,10000
795,27-10-2022 20:47,13000
795,28-10-2022 06:30,1500
795,28-10-2022 08:04,2000
795,29-10-2022 00:47,6000
795,29-10-2022 17:32,1500
796,06-10-2022 16:08,6000
796,06-10-2022 19:12,10000
796,07-10-2022 23:42,10000
796,09-10-2022 22:07,5000
796,10-10-2022 07:44,14000
796,10-10-2022 19:01,7000
796,11-10-2022 09:44,11500
796,12-10-2022 18:57,3000
796,15-10-2022 06:53,6000
796,21-10-2022 17:06,10000
796,24-10-2022 23:36,10000
796,27-10-2022 17:28,2000
796,28-10-2022 11:55,10000
797,04-10-2022 17:34,2500
797,06-10-2022 12:28,2500
797,11-10-2022 11:47,4000
797,15-10-2022 10:01,4000
797,17-10-2022 01:38,7000
797,22-10-2022 04:21,7000
797,26-10-2022 20:26,4000
797,31-10-2022 03:51,6500
801,05-10-2022 11:18,7500
801,27-10-2022 00:58,7000
802,10-10-2022 09:00,39000
804,01-10-2022 03:32,1719
804,09-10-2022 03:23,250
804,10-10-2022 08:05,7394
804,16-10-2022 14:35,7133
804,29-10-2022 12:50,210
805,09-10-2022 17:24,468
805,12-10-2022 16:41,3000
805,26-10-2022 08:38,15000
805,29-10-2022 16:57,21000
807,17-10-2022 02:04,5000
807,30-10-2022 14:34,1500
809,06-10-2022 12:09,12000
809,13-10-2022 19:14,2500
812,04-10-2022 14:05,2000
815,05-10-2022 18:19,17200
816,12-10-2022 20:56,19000
817,05-10-2022 15:33,8000
817,18-10-2022 08:19,4000
817,23-10-2022 06:59,900
817,24-10-2022 09:02,3000
819,04-10-2022 02:59,8500
819,09-10-2022 03:35,5500
819,11-10-2022 22:56,11000
819,12-10-2022 04:40,1000
821,10-10-2022 02:58,3000
822,04-10-2022 14:54,5973
822,11-10-2022 10:04,12225
822,14-10-2022 09:51,6265
824,09-10-2022 01:50,3500
824,09-10-2022 13:32,4600
824,15-10-2022 19:47,6000
824,18-10-2022 08:36,3000
824,26-10-2022 20:06,12000
825,02-10-2022 23:08,5000
825,13-10-2022 06:45,1450
825,17-10-2022 15:31,2100
825,19-10-2022 15:50,1300
825,24-10-2022 20:19,3000
825,31-10-2022 08:16,1400
826,03-10-2022 03:46,18452
826,10-10-2022 13:55,369
826,12-10-2022 07:54,2528
826,23-10-2022 07:10,25278
827,01-10-2022 22:01,25000
827,03-10-2022 23:57,100000
827,13-10-2022 16:30,2000
827,21-10-2022 08:45,100000
828,05-10-2022 17:41,9999
828,09-10-2022 06:16,6000
828,10-10-2022 05:24,8999
828,12-10-2022 09:34,9499
828,27-10-2022 21:15,5000
828,30-10-2022 21:01,9999
828,31-10-2022 09:01,9999
829,02-10-2022 05:09,3500
829,03-10-2022 23:29,32000
829,04-10-2022 00:14,9500
829,04-10-2022 10:07,10000
829,04-10-2022 16:20,5000
829,04-10-2022 17:25,5000
829,05-10-2022 06:48,14000
829,05-10-2022 22:16,12000
829,06-10-2022 00:00,21000
829,07-10-2022 02:15,23000
829,08-10-2022 13:51,7000
829,08-10-2022 20:26,9000
829,09-10-2022 18:24,11000
829,10-10-2022 04:19,11000
829,12-10-2022 10:19,27000
829,15-10-2022 10:56,5000
829,15-10-2022 12:40,30000
829,19-10-2022 18:00,8000
829,21-10-2022 05:54,50000
829,21-10-2022 08:18,25000
829,23-10-2022 22:00,12000
829,26-10-2022 10:49,6000
829,26-10-2022 23:25,28500
829,31-10-2022 06:29,10000
829,31-10-2022 06:42,2000
832,06-10-2022 17:28,4370
832,24-10-2022 11:02,4519
836,02-10-2022 10:13,15000
836,02-10-2022 19:25,10000
836,03-10-2022 00:35,4000
836,04-10-2022 06:47,20000
836,08-10-2022 05:04,10000
836,08-10-2022 05:39,20000
836,08-10-2022 11:36,5000
836,08-10-2022 15:04,6000
836,08-10-2022 17:34,15000
836,09-10-2022 10:41,10000
836,09-10-2022 21:33,20000
836,09-10-2022 22:34,8000
836,10-10-2022 04:38,10000
836,11-10-2022 19:17,15000
836,12-10-2022 04:14,30000
836,12-10-2022 18:01,15000
836,13-10-2022 20:39,20000
836,14-10-2022 03:31,10000
836,17-10-2022 00:52,5000
836,18-10-2022 04:41,15000
836,21-10-2022 12:54,5000
836,21-10-2022 15:23,10000
836,22-10-2022 09:11,15000
836,22-10-2022 21:41,25000
836,23-10-2022 15:38,10000
836,25-10-2022 06:43,5000
836,26-10-2022 06:20,20000
836,26-10-2022 16:31,25000
836,28-10-2022 07:59,6000
836,29-10-2022 01:16,15000
836,29-10-2022 16:10,20000
836,30-10-2022 11:30,15000
836,31-10-2022 00:54,20000
836,31-10-2022 13:12,25000
836,31-10-2022 16:07,4000
836,31-10-2022 18:03,10000
837,25-10-2022 19:59,8000
840,14-10-2022 10:20,18500
841,13-10-2022 13:47,6000
841,19-10-2022 09:13,1500
841,24-10-2022 23:45,1700
841,30-10-2022 01:01,2000
843,03-10-2022 04:06,19000
843,11-10-2022 16:28,2000
843,13-10-2022 08:58,12000
843,14-10-2022 09:13,12000
843,20-10-2022 01:12,11000
843,20-10-2022 19:33,10000
843,21-10-2022 19:30,8000
843,23-10-2022 03:02,12000
843,26-10-2022 11:52,18500
845,01-10-2022 18:46,22700
845,02-10-2022 05:10,22000
845,05-10-2022 01:54,20000
845,05-10-2022 22:38,38000
845,06-10-2022 06:14,27000
845,09-10-2022 07:28,21000
845,09-10-2022 10:02,23190
845,13-10-2022 22:16,39740
845,14-10-2022 05:33,36000
845,15-10-2022 07:37,23670
845,15-10-2022 17:18,18670
845,18-10-2022 21:29,30000
845,23-10-2022 12:19,20670
845,29-10-2022 00:36,15670
848,03-10-2022 03:55,16120
849,08-10-2022 08:15,5346
849,29-10-2022 15:11,8453
850,01-10-2022 19:05,33451
850,04-10-2022 15:26,20000
850,05-10-2022 02:15,1800
850,05-10-2022 11:46,11777
850,06-10-2022 16:21,15000
850,07-10-2022 10:21,2372
850,07-10-2022 14:42,5000
850,07-10-2022 16:20,25965
850,08-10-2022 20:55,5623
850,09-10-2022 14:33,16276
850,12-10-2022 00:34,35000
850,12-10-2022 14:22,2000
850,13-10-2022 06:40,19000
850,14-10-2022 03:57,2500
850,15-10-2022 08:54,2000
850,16-10-2022 03:06,9777
850,17-10-2022 00:55,19000
850,17-10-2022 01:32,4000
850,18-10-2022 12:40,17000
850,19-10-2022 04:34,13000
850,22-10-2022 07:29,18300
850,23-10-2022 05:20,20633
850,23-10-2022 15:45,2150
850,27-10-2022 18:42,22422
850,30-10-2022 08:50,11394
851,15-10-2022 10:06,8900
851,16-10-2022 07:22,21000
852,01-10-2022 03:29,10850
852,01-10-2022 14:16,6500
852,01-10-2022 14:57,9250
852,02-10-2022 23:43,9300
852,03-10-2022 03:27,1612
852,03-10-2022 21:53,2203
852,04-10-2022 02:34,1614
852,04-10-2022 20:07,8207
852,05-10-2022 02:03,5362
852,05-10-2022 04:47,2367
852,05-10-2022 15:11,4807
852,06-10-2022 00:53,5843
852,06-10-2022 16:17,7200
852,07-10-2022 21:58,4599
852,08-10-2022 17:04,15050
852,09-10-2022 05:26,873
852,09-10-2022 08:53,13150
852,09-10-2022 23:19,6150
852,09-10-2022 23:49,1445
852,10-10-2022 05:17,1603
852,10-10-2022 05:55,2892
852,10-10-2022 08:22,7150
852,10-10-2022 20:34,8700
852,10-10-2022 21:00,3902
852,12-10-2022 09:27,5650
852,13-10-2022 07:00,2720
852,13-10-2022 14:56,6150
852,13-10-2022 20:12,8850
852,14-10-2022 03:20,3769
852,14-10-2022 07:00,2144
852,14-10-2022 08:58,5050
852,14-10-2022 12:17,6200
852,14-10-2022 20:39,5350
852,15-10-2022 01:26,5200
852,16-10-2022 12:59,903
852,17-10-2022 05:17,1528
852,18-10-2022 13:33,873
852,18-10-2022 15:24,610
852,18-10-2022 16:03,3750
852,18-10-2022 17:45,3363
852,18-10-2022 19:17,3397
852,18-10-2022 20:30,2448
852,18-10-2022 20:39,1751
852,19-10-2022 00:28,3841
852,19-10-2022 04:21,7650
852,19-10-2022 07:36,2005
852,19-10-2022 08:28,2603
852,19-10-2022 19:09,5850
852,20-10-2022 01:58,6780
852,20-10-2022 03:48,1701
852,20-10-2022 23:07,1234
852,21-10-2022 05:09,4450
852,21-10-2022 05:58,3810
852,21-10-2022 11:10,7950
852,21-10-2022 16:33,4543
852,22-10-2022 00:17,11200
852,22-10-2022 11:11,11050
852,22-10-2022 11:14,4950
852,22-10-2022 14:53,3514
852,22-10-2022 16:24,1119
852,22-10-2022 19:41,618
852,23-10-2022 03:23,2849
852,23-10-2022 04:56,5600
852,23-10-2022 09:12,6000
852,23-10-2022 11:35,180
852,23-10-2022 18:59,13750
852,25-10-2022 23:48,8400
852,26-10-2022 00:38,4500
852,26-10-2022 05:27,2694
852,26-10-2022 16:43,10000
852,27-10-2022 05:43,6300
852,27-10-2022 06:55,7700
852,27-10-2022 12:43,8950
852,27-10-2022 20:35,7000
852,27-10-2022 21:53,5776
852,28-10-2022 07:32,3284
852,28-10-2022 08:00,4522
852,28-10-2022 15:35,6350
852,28-10-2022 19:01,5100
852,29-10-2022 12:05,2104
852,29-10-2022 19:23,3487
852,30-10-2022 12:50,5372
852,30-10-2022 15:19,929
852,30-10-2022 19:52,14450
852,31-10-2022 05:47,8450
852,31-10-2022 23:08,3980
854,04-10-2022 01:28,17007
854,05-10-2022 13:03,1050
854,07-10-2022 02:27,4457
854,12-10-2022 13:33,2457
854,15-10-2022 00:46,18000
854,23-10-2022 03:00,2000
854,23-10-2022 22:49,2000
854,24-10-2022 04:57,5000
854,26-10-2022 10:50,2000
854,29-10-2022 09:03,20000
854,29-10-2022 11:51,4000
855,02-10-2022 20:41,5000
855,04-10-2022 18:49,5000
855,05-10-2022 02:26,5000
855,06-10-2022 23:46,5000
855,07-10-2022 12:08,5000
855,09-10-2022 01:08,5000
856,02-10-2022 01:22,15000
856,03-10-2022 12:50,14000
856,04-10-2022 01:05,30000
856,05-10-2022 05:10,15000
856,10-10-2022 02:22,21000
856,11-10-2022 17:32,10000
856,16-10-2022 00:57,30000
856,21-10-2022 14:22,15000
856,21-10-2022 14:23,15000
856,30-10-2022 17:11,13500
856,30-10-2022 17:28,15000
861,11-10-2022 02:26,90000
861,16-10-2022 13:52,40000
863,23-10-2022 19:08,35000
866,17-10-2022 11:08,9842
869,30-10-2022 04:36,45000
873,15-10-2022 18:37,2000
873,20-10-2022 14:53,2860
878,05-10-2022 12:35,9494
878,20-10-2022 14:46,4797
878,23-10-2022 03:54,8861
878,25-10-2022 13:39,6269
880,01-10-2022 09:54,240000
880,16-10-2022 02:53,40000
880,19-10-2022 20:09,15000
880,20-10-2022 07:29,46000
880,26-10-2022 13:15,15000
880,30-10-2022 15:14,35000
880,30-10-2022 16:57,50000
884,03-10-2022 05:37,44166
884,03-10-2022 11:40,25000
884,03-10-2022 18:41,25000
884,05-10-2022 07:57,4800
884,06-10-2022 01:56,360
884,09-10-2022 02:20,53500
884,13-10-2022 14:05,58400
884,14-10-2022 01:18,62500
884,15-10-2022 02:03,62000
884,16-10-2022 12:30,20000
884,16-10-2022 17:40,13965
884,28-10-2022 08:38,50500
884,30-10-2022 06:31,13000
884,31-10-2022 06:20,69000
885,01-10-2022 12:40,15000
885,12-10-2022 17:12,9500
885,20-10-2022 08:09,4323
885,28-10-2022 04:56,2862
885,30-10-2022 12:22,1885
888,01-10-2022 13:58,5000
888,01-10-2022 15:02,199
888,02-10-2022 20:48,2000
888,03-10-2022 04:51,4999
888,03-10-2022 16:49,9499
888,04-10-2022 15:59,3200
888,05-10-2022 10:39,4000
888,09-10-2022 04:49,975
888,12-10-2022 03:28,1899
888,12-10-2022 21:16,7000
888,13-10-2022 20:30,1075
888,14-10-2022 13:09,5799
888,15-10-2022 03:22,2300
888,15-10-2022 07:20,2106
888,17-10-2022 04:15,1538
888,17-10-2022 09:29,875
888,18-10-2022 14:37,257
888,18-10-2022 14:54,520
888,19-10-2022 23:23,2200
888,20-10-2022 02:59,5000
888,20-10-2022 03:31,1000
888,20-10-2022 20:06,3500
888,21-10-2022 16:04,1999
888,22-10-2022 03:16,2571
888,22-10-2022 15:02,9900
888,25-10-2022 00:01,555
888,25-10-2022 02:56,8999
888,25-10-2022 04:42,1163
888,25-10-2022 13:02,2217
888,25-10-2022 18:34,1536
888,26-10-2022 19:28,9599
888,27-10-2022 23:17,282
888,29-10-2022 16:38,4278
888,30-10-2022 06:08,9900
888,30-10-2022 06:50,1838
888,31-10-2022 08:05,900
889,04-10-2022 15:16,4400
889,09-10-2022 09:48,5000
889,13-10-2022 09:27,4000
889,13-10-2022 12:25,7500
890,01-10-2022 21:06,50000
890,18-10-2022 08:04,12000
890,22-10-2022 20:19,28223
890,28-10-2022 02:27,21873
895,19-10-2022 17:12,3000
897,20-10-2022 18:38,260000
898,05-10-2022 04:37,6511
898,12-10-2022 04:01,3876
898,13-10-2022 20:10,3844
898,23-10-2022 19:46,5133
898,24-10-2022 03:23,5699
900,04-10-2022 11:38,8000
900,06-10-2022 16:10,9000
900,07-10-2022 14:03,1500
901,19-10-2022 07:23,83000
902,03-10-2022 14:49,2000
902,04-10-2022 01:05,10000
902,06-10-2022 03:07,5000
902,12-10-2022 08:23,7000
902,20-10-2022 07:21,7000
902,20-10-2022 09:18,9500
902,28-10-2022 16:07,13000
907,02-10-2022 18:19,2792
907,02-10-2022 20:10,1801
907,03-10-2022 23:45,2692
907,04-10-2022 14:13,2892
907,04-10-2022 17:22,1401
907,06-10-2022 10:28,2910
907,07-10-2022 13:19,1050
907,10-10-2022 18:02,1258
907,11-10-2022 08:50,336
907,11-10-2022 14:42,1834
907,11-10-2022 19:03,1886
907,12-10-2022 09:43,1884
907,13-10-2022 22:01,1784
907,17-10-2022 00:53,1902
907,18-10-2022 13:28,2608
907,21-10-2022 09:02,1058
907,24-10-2022 11:28,1308
907,26-10-2022 03:15,1734
907,27-10-2022 18:25,2492
907,28-10-2022 03:45,1751
907,28-10-2022 21:30,2842
907,29-10-2022 11:23,1701
907,31-10-2022 09:28,2742
909,05-10-2022 07:47,20860
909,07-10-2022 08:25,25000
909,18-10-2022 14:27,3200
909,25-10-2022 22:50,400000
909,26-10-2022 02:38,5000
912,05-10-2022 01:58,700
912,10-10-2022 04:19,688
912,13-10-2022 07:22,1354
912,15-10-2022 07:01,460
912,16-10-2022 04:19,1706
912,16-10-2022 07:05,793
912,21-10-2022 08:50,405
912,22-10-2022 18:16,273
912,22-10-2022 20:04,1627
912,28-10-2022 10:15,490
912,29-10-2022 23:45,480
913,13-10-2022 00:44,30014
913,25-10-2022 15:43,46034
913,27-10-2022 20:09,8792
915,10-10-2022 16:56,45000
915,12-10-2022 19:51,20000
915,14-10-2022 05:22,50000
915,18-10-2022 20:59,50000
915,19-10-2022 14:45,30000
915,27-10-2022 21:28,35000
915,28-10-2022 03:56,77609
916,03-10-2022 13:22,1618
916,09-10-2022 21:44,1944
916,15-10-2022 17:33,3392
920,02-10-2022 00:46,13000
920,02-10-2022 02:18,25490
920,02-10-2022 22:39,12000
920,03-10-2022 09:15,84975
920,04-10-2022 23:52,10900
920,05-10-2022 22:36,38300
920,05-10-2022 23:26,58100
920,06-10-2022 19:13,24200
920,08-10-2022 10:34,56600
920,09-10-2022 00:27,5200
920,09-10-2022 14:31,18900
920,10-10-2022 12:16,110950
920,11-10-2022 03:49,44300
920,12-10-2022 00:23,9500
920,13-10-2022 04:09,4000
920,13-10-2022 08:26,52450
920,13-10-2022 08:52,11700
920,14-10-2022 03:28,4300
920,14-10-2022 08:13,16000
920,15-10-2022 03:56,31200
920,15-10-2022 04:10,90350
920,15-10-2022 04:51,4400
920,15-10-2022 05:12,6600
920,16-10-2022 19:27,30750
920,17-10-2022 02:00,96500
920,17-10-2022 14:54,36500
920,17-10-2022 20:35,30850
920,18-10-2022 20:21,93500
920,18-10-2022 21:41,20300
920,19-10-2022 07:41,38000
920,20-10-2022 11:54,50600
920,20-10-2022 17:13,46600
920,21-10-2022 00:18,22000
920,22-10-2022 02:57,14700
920,22-10-2022 09:22,1000
920,22-10-2022 16:31,7000
920,23-10-2022 10:46,9400
920,24-10-2022 11:02,41900
920,25-10-2022 16:30,15300
920,26-10-2022 06:44,28200
920,26-10-2022 10:39,95600
920,27-10-2022 07:41,8800
920,27-10-2022 14:08,70390
920,28-10-2022 08:14,13975
920,29-10-2022 00:33,25500
920,29-10-2022 00:36,17000
920,29-10-2022 04:10,20450
920,30-10-2022 12:11,91100
920,30-10-2022 15:33,5300
920,30-10-2022 17:28,14600
920,30-10-2022 17:37,38000
920,30-10-2022 17:49,17250
921,19-10-2022 03:19,100000
921,20-10-2022 18:44,500000
922,08-10-2022 03:33,10000
922,08-10-2022 15:01,50000
922,08-10-2022 23:58,20000
922,10-10-2022 01:40,60000
922,10-10-2022 03:42,20000
922,11-10-2022 15:56,2000
922,12-10-2022 08:03,20000
922,13-10-2022 06:11,4000
922,18-10-2022 19:47,40000
922,19-10-2022 01:51,30000
922,22-10-2022 20:16,2000
922,22-10-2022 20:44,3000
922,23-10-2022 22:30,12000
922,27-10-2022 08:52,30000
922,30-10-2022 09:31,40000
922,31-10-2022 00:20,10000
924,03-10-2022 02:24,20000
924,25-10-2022 07:13,14184
927,03-10-2022 06:55,9999
927,04-10-2022 06:11,6700
927,05-10-2022 06:59,9999
927,05-10-2022 15:51,8000
927,07-10-2022 00:19,7000
927,10-10-2022 15:19,9500
927,14-10-2022 06:42,9999
927,15-10-2022 21:53,5100
927,16-10-2022 05:16,3754
927,16-10-2022 10:50,7500
927,18-10-2022 07:21,9999
927,22-10-2022 18:07,6808
927,23-10-2022 05:51,5000
927,23-10-2022 21:11,9999
927,23-10-2022 23:45,8000
927,24-10-2022 21:17,8921
927,25-10-2022 19:06,9999
927,28-10-2022 03:20,7500
927,29-10-2022 02:25,9999
927,29-10-2022 03:44,9999
927,29-10-2022 14:49,7000
927,31-10-2022 11:02,9999
929,01-10-2022 17:17,9636
930,03-10-2022 02:38,24000
930,07-10-2022 20:32,7500
930,08-10-2022 19:26,50000
930,08-10-2022 20:22,30000
931,11-10-2022 06:03,20000
931,18-10-2022 21:55,13950
931,21-10-2022 23:50,10000
932,22-10-2022 23:56,7231
933,01-10-2022 20:43,5500
933,30-10-2022 06:14,18000
934,01-10-2022 23:30,2000
934,04-10-2022 15:58,500
934,04-10-2022 19:38,500
934,05-10-2022 09:32,600
934,06-10-2022 18:32,1500
934,06-10-2022 20:10,1000
934,08-10-2022 05:48,1000
934,09-10-2022 04:30,500
934,09-10-2022 22:08,1000
934,10-10-2022 06:09,1500
934,12-10-2022 03:41,2000
934,12-10-2022 05:10,1000
934,12-10-2022 12:43,1000
934,12-10-2022 19:56,1500
934,14-10-2022 12:15,500
934,15-10-2022 09:34,900
934,15-10-2022 15:29,1500
934,16-10-2022 08:15,500
934,17-10-2022 00:27,1000
934,17-10-2022 07:46,1500
934,18-10-2022 14:54,1000
934,19-10-2022 21:12,1000
934,23-10-2022 13:54,1000
934,23-10-2022 21:30,600
934,24-10-2022 06:15,500
934,25-10-2022 02:13,1000
934,26-10-2022 03:39,500
934,26-10-2022 06:49,500
934,26-10-2022 18:11,1500
934,28-10-2022 11:41,2000
934,28-10-2022 12:34,2000
934,30-10-2022 06:41,2000
934,30-10-2022 08:47,2000
934,30-10-2022 19:24,1500
936,02-10-2022 04:18,6857
936,02-10-2022 19:05,4598
936,05-10-2022 08:29,3558
936,10-10-2022 00:47,4974
936,11-10-2022 23:14,5206
936,12-10-2022 03:25,15230
936,12-10-2022 14:33,5533
936,12-10-2022 17:25,8756
936,17-10-2022 11:25,19262
936,21-10-2022 09:26,11285
936,21-10-2022 16:22,10711
936,23-10-2022 02:23,12716
936,25-10-2022 20:44,4493
936,26-10-2022 17:52,17753
936,30-10-2022 15:40,7744
936,30-10-2022 21:21,14436
937,25-10-2022 04:58,25000
938,23-10-2022 16:04,5500
940,01-10-2022 10:17,50000
940,30-10-2022 23:48,120000
941,01-10-2022 04:36,60000
941,01-10-2022 06:54,175000
941,05-10-2022 23:14,4021
941,06-10-2022 17:43,65000
941,16-10-2022 07:26,9611
941,17-10-2022 11:52,15000
941,19-10-2022 00:55,19000
941,19-10-2022 21:09,10425
941,20-10-2022 01:23,15000
941,20-10-2022 23:21,23735
941,23-10-2022 03:26,31586
941,23-10-2022 14:49,925
941,30-10-2022 05:25,30000
941,30-10-2022 06:38,20000
943,17-10-2022 19:12,7432
944,01-10-2022 22:32,1000
944,02-10-2022 09:06,500
944,02-10-2022 15:55,550
944,02-10-2022 21:38,500
944,06-10-2022 14:41,600
944,06-10-2022 23:30,500
944,07-10-2022 08:21,500
944,07-10-2022 16:05,1100
944,08-10-2022 16:23,1000
944,09-10-2022 14:23,1000
944,11-10-2022 12:18,1600
944,11-10-2022 22:11,1500
944,13-10-2022 14:46,1000
944,15-10-2022 08:17,700
944,19-10-2022 05:05,1100
944,24-10-2022 16:13,1000
944,24-10-2022 22:49,656
944,25-10-2022 00:30,1156
944,28-10-2022 17:15,1000
944,30-10-2022 19:56,2000
945,06-10-2022 22:14,20000
945,19-10-2022 12:52,28000
945,26-10-2022 23:41,20000
945,28-10-2022 17:02,24286
946,01-10-2022 00:29,23000
946,01-10-2022 03:57,35000
946,01-10-2022 08:26,39000
946,02-10-2022 14:00,12000
946,03-10-2022 13:58,45000
946,05-10-2022 17:06,48000
946,06-10-2022 18:18,7000
946,09-10-2022 15:04,18000
946,13-10-2022 23:27,35000
946,16-10-2022 20:20,42000
946,18-10-2022 07:11,10000
946,22-10-2022 20:28,10000
946,27-10-2022 15:05,47000
946,30-10-2022 04:36,47000
946,30-10-2022 22:20,6000
947,04-10-2022 00:51,20000
947,16-10-2022 12:55,10000
947,20-10-2022 04:16,20000
947,29-10-2022 14:53,15000
949,02-10-2022 03:48,124500
949,06-10-2022 18:27,51000
949,07-10-2022 07:05,25000
949,12-10-2022 17:00,65000
949,21-10-2022 00:57,68671
949,23-10-2022 07:21,60000
949,26-10-2022 14:55,40000
950,04-10-2022 07:49,5000
950,24-10-2022 14:52,18750
950,25-10-2022 23:45,3750
950,28-10-2022 14:43,8000
959,29-10-2022 15:02,50400
962,01-10-2022 13:31,5100
962,08-10-2022 10:57,20790
962,11-10-2022 22:19,8945
962,18-10-2022 21:49,12697
962,19-10-2022 10:25,22665
962,19-10-2022 15:47,12874
962,20-10-2022 15:45,9385
962,23-10-2022 07:34,21988
962,24-10-2022 18:54,11988
962,29-10-2022 18:54,2484
962,30-10-2022 11:27,8000
965,30-10-2022 15:06,14000
967,03-10-2022 01:32,4800
967,03-10-2022 10:01,6000
967,05-10-2022 17:54,5000
967,07-10-2022 02:57,14478
967,08-10-2022 07:33,8800
967,08-10-2022 10:46,39000
967,15-10-2022 13:55,4276
967,17-10-2022 09:03,10025
967,21-10-2022 19:44,30000
967,25-10-2022 18:25,5000
967,25-10-2022 22:52,5000
967,30-10-2022 18:00,6861
967,30-10-2022 18:37,9000
968,01-10-2022 02:03,2000
968,07-10-2022 23:54,3000
968,24-10-2022 10:19,3500
971,06-10-2022 01:09,3433
971,21-10-2022 19:00,5000
971,24-10-2022 04:02,14500
971,24-10-2022 07:25,7515
971,26-10-2022 18:29,3164
971,28-10-2022 14:40,8687
972,01-10-2022 18:17,3500
972,04-10-2022 04:13,900
972,04-10-2022 05:22,1000
972,04-10-2022 08:28,17600
972,05-10-2022 20:02,3300
972,07-10-2022 20:35,1000
972,08-10-2022 03:32,1100
972,09-10-2022 07:55,500
972,09-10-2022 13:49,1800
972,09-10-2022 16:57,500
972,10-10-2022 19:30,500
972,11-10-2022 05:15,5500
972,11-10-2022 20:19,1000
972,13-10-2022 03:53,600
972,13-10-2022 07:23,1100
972,14-10-2022 04:56,2000
972,16-10-2022 16:43,1600
972,20-10-2022 15:40,3000
972,20-10-2022 15:41,500
972,22-10-2022 04:41,1201
972,22-10-2022 21:34,1000
972,23-10-2022 14:02,600
972,24-10-2022 06:46,300
972,25-10-2022 13:04,14600
972,25-10-2022 19:23,1000
972,26-10-2022 15:08,700
972,28-10-2022 16:10,600
972,30-10-2022 09:10,500
972,30-10-2022 14:56,2000
973,14-10-2022 13:12,25000
978,02-10-2022 19:33,18001
978,04-10-2022 00:21,50001
978,04-10-2022 14:10,27700
978,06-10-2022 05:45,5001
978,08-10-2022 11:43,500
978,15-10-2022 04:03,28001
978,15-10-2022 14:08,23500
978,16-10-2022 10:20,14004
978,19-10-2022 00:19,52001
978,21-10-2022 08:37,52001
978,22-10-2022 05:35,2401
978,27-10-2022 15:31,6001
978,27-10-2022 17:22,7001
978,31-10-2022 09:05,2001
979,12-10-2022 13:27,10000
980,02-10-2022 12:13,5000
980,04-10-2022 05:50,4500
980,05-10-2022 01:40,600
980,07-10-2022 08:27,1100
980,08-10-2022 16:49,650
980,08-10-2022 20:42,4500
980,09-10-2022 10:06,2600
980,09-10-2022 12:28,1050
980,10-10-2022 14:55,5000
980,11-10-2022 08:07,5000
980,11-10-2022 14:13,2250
980,11-10-2022 19:15,4300
980,12-10-2022 13:32,5900
980,12-10-2022 20:48,600
980,13-10-2022 10:52,850
980,13-10-2022 14:36,3000
980,14-10-2022 19:55,4200
980,15-10-2022 02:51,2300
980,16-10-2022 16:21,400
980,17-10-2022 06:34,5700
980,17-10-2022 22:52,900
980,18-10-2022 02:44,2800
980,19-10-2022 08:37,800
980,19-10-2022 17:27,800
980,20-10-2022 07:03,1400
980,21-10-2022 23:07,400
980,22-10-2022 02:18,1000
980,23-10-2022 00:37,1200
980,23-10-2022 22:37,700
980,24-10-2022 06:26,5500
980,27-10-2022 17:33,4500
980,28-10-2022 06:09,200
980,28-10-2022 18:10,650
980,28-10-2022 19:11,1650
980,29-10-2022 15:34,4800
980,31-10-2022 00:02,1100
985,05-10-2022 09:16,1000
985,09-10-2022 23:41,5000
985,11-10-2022 16:19,4000
985,13-10-2022 10:39,18000
985,14-10-2022 16:20,13000
985,14-10-2022 21:35,15000
985,16-10-2022 01:53,15000
985,16-10-2022 10:38,4000
985,18-10-2022 14:28,22000
985,18-10-2022 21:48,13000
985,20-10-2022 06:09,4000
985,20-10-2022 11:02,12000
985,23-10-2022 13:17,9000
985,23-10-2022 19:30,500
985,24-10-2022 21:31,7000
985,25-10-2022 03:42,4000
985,25-10-2022 15:55,6000
985,27-10-2022 20:15,1500
985,27-10-2022 20:53,1000
987,01-10-2022 14:18,4400
987,01-10-2022 21:01,1750
987,04-10-2022 03:56,13000
987,04-10-2022 12:40,6400
987,04-10-2022 13:15,3000
987,10-10-2022 03:13,4000
987,11-10-2022 12:42,10000
987,15-10-2022 10:43,6500
987,16-10-2022 16:23,4000
987,17-10-2022 16:55,5000
987,17-10-2022 17:55,10500
987,18-10-2022 15:59,2400
987,19-10-2022 03:16,7900
987,20-10-2022 14:08,2000
987,20-10-2022 14:50,7000
987,21-10-2022 03:44,7000
987,24-10-2022 11:09,5000
987,27-10-2022 07:40,9000
987,28-10-2022 14:26,5900
987,29-10-2022 09:14,7000
987,30-10-2022 15:11,5000
987,30-10-2022 19:26,4000
987,30-10-2022 23:44,4900
989,01-10-2022 15:35,75000
989,01-10-2022 22:48,130000
989,04-10-2022 07:57,115000
989,07-10-2022 22:57,120000
989,08-10-2022 07:27,35000
989,08-10-2022 13:17,16000
989,09-10-2022 21:55,95000
989,13-10-2022 18:14,16000
989,15-10-2022 03:47,95000
989,16-10-2022 04:09,10000
989,16-10-2022 04:52,95000
989,19-10-2022 01:14,125000
989,19-10-2022 05:56,10000
989,20-10-2022 05:39,47000
989,20-10-2022 19:52,9000
989,24-10-2022 08:24,31000
989,25-10-2022 03:02,95000
989,27-10-2022 07:10,5000
989,30-10-2022 09:42,95000
989,30-10-2022 13:32,120000
992,04-10-2022 07:13,25000
992,07-10-2022 03:58,15000
992,12-10-2022 21:00,109688
992,13-10-2022 04:28,25000
992,13-10-2022 22:29,80000
992,19-10-2022 06:44,99990
992,21-10-2022 04:16,25000
992,21-10-2022 08:41,30000
992,22-10-2022 05:16,35000
992,26-10-2022 15:31,30000
992,31-10-2022 17:02,141600
